{
	"version": "0.3.6", 
	"suite": "unknown_suite", 
	"function_id": 4, 
	"function_name": "BuecheRastrigin", 
	"maximization": false, 
	"algorithm": {"name": "SP[10]-CMA", "info": "test of IOHexperimenter in python"},
	"attributes": ["evaluations", "raw_y"],
	"scenarios": [
		{"dimension": 5,
		"path": "data_f4_BuecheRastrigin/IOHprofiler_f4_DIM5.dat",
		"runs": [
			{"instance": 6, "evals": 150030, "best": {"evals": 68289, "y": 5.173221919305032, "x": [1.6634256408568329, -3.824828602466872, 1.721903168930737, -3.448207556905506, 0.36226068410510526]}}
		]}
	]
}
