{
	"version": "0.3.6", 
	"suite": "unknown_suite", 
	"function_id": 3, 
	"function_name": "Rastrigin", 
	"maximization": false, 
	"algorithm": {"name": "SP[10]-CMA", "info": "test of IOHexperimenter in python"},
	"attributes": ["evaluations", "raw_y"],
	"scenarios": [
		{"dimension": 5,
		"path": "data_f3_Rastrigin/IOHprofiler_f3_DIM5.dat",
		"runs": [
			{"instance": 3, "evals": 150030, "best": {"evals": 139120, "y": 0.9958408288132018, "x": [-2.1783951771602266, -0.9832252048552969, 0.24510933431097862, 3.0880988481647873, -3.243094856010095]}}
		]}
	]
}
