{
	"version": "0.3.6", 
	"suite": "unknown_suite", 
	"function_id": 3, 
	"function_name": "Rastrigin", 
	"maximization": false, 
	"algorithm": {"name": "SP[10]-CMA", "info": "test of IOHexperimenter in python"},
	"attributes": ["evaluations", "raw_y"],
	"scenarios": [
		{"dimension": 5,
		"path": "data_f3_Rastrigin/IOHprofiler_f3_DIM5.dat",
		"runs": [
			{"instance": 13, "evals": 150030, "best": {"evals": 41664, "y": 3.1221364972838, "x": [2.2982044774059163, -1.4392821041756252, 1.6810972958884043, 2.2919071434099956, -2.2596261942846265]}}
		]}
	]
}
