{
	"version": "0.3.6", 
	"suite": "unknown_suite", 
	"function_id": 4, 
	"function_name": "BuecheRastrigin", 
	"maximization": false, 
	"algorithm": {"name": "CMAES_ModCMA", "info": "test of IOHexperimenter in python"},
	"attributes": ["evaluations", "raw_y"],
	"scenarios": [
		{"dimension": 5,
		"path": "data_f4_BuecheRastrigin/IOHprofiler_f4_DIM5.dat",
		"runs": [
			{"instance": 9, "evals": 1000000, "best": {"evals": 427185, "y": 2.1276859147895113, "x": [0.8232462109220633, 3.91603932875398, 1.1293382000025731, 2.882075101342809, 0.6935601172947936]}}
		]}
	]
}
