{
	"version": "0.3.6", 
	"suite": "unknown_suite", 
	"function_id": 3, 
	"function_name": "Rastrigin", 
	"maximization": false, 
	"algorithm": {"name": "SP-CMA", "info": "test of IOHexperimenter in python"},
	"attributes": ["evaluations", "raw_y"],
	"scenarios": [
		{"dimension": 5,
		"path": "data_f3_Rastrigin/IOHprofiler_f3_DIM5.dat",
		"runs": [
			{"instance": 11, "evals": 500200, "best": {"evals": 375214, "y": 1.1057420209024391, "x": [-2.57930723464806, -1.4479296493861735, -2.100374627888803, 0.9300599192169156, 1.673828962414369]}}
		]}
	]
}
