{
	"version": "0.3.6", 
	"suite": "unknown_suite", 
	"function_id": 4, 
	"function_name": "BuecheRastrigin", 
	"maximization": false, 
	"algorithm": {"name": "SP[20]-CMA", "info": "test of IOHexperimenter in python"},
	"attributes": ["evaluations", "raw_y"],
	"scenarios": [
		{"dimension": 5,
		"path": "data_f4_BuecheRastrigin/IOHprofiler_f4_DIM5.dat",
		"runs": [
			{"instance": 14, "evals": 500200, "best": {"evals": 72523, "y": 1.0062211886379302, "x": [3.198794909138216, 2.8043781449776217, 0.5309311335673658, -3.0901437522907855, 1.620675572006594]}}
		]}
	]
}
