{
	"version": "0.3.6", 
	"suite": "unknown_suite", 
	"function_id": 3, 
	"function_name": "Rastrigin", 
	"maximization": false, 
	"algorithm": {"name": "SP-CMA", "info": "test of IOHexperimenter in python"},
	"attributes": ["evaluations", "raw_y"],
	"scenarios": [
		{"dimension": 5,
		"path": "data_f3_Rastrigin/IOHprofiler_f3_DIM5.dat",
		"runs": [
			{"instance": 6, "evals": 500200, "best": {"evals": 468863, "y": 2.912069254772658, "x": [-3.6160640602346663, -3.011903850232275, -2.885291696925287, -3.9156067155711525, -0.6707601823160735]}}
		]}
	]
}
