{
	"version": "0.3.6", 
	"suite": "unknown_suite", 
	"function_id": 4, 
	"function_name": "BuecheRastrigin", 
	"maximization": false, 
	"algorithm": {"name": "SP[10]-CMA", "info": "test of IOHexperimenter in python"},
	"attributes": ["evaluations", "raw_y"],
	"scenarios": [
		{"dimension": 5,
		"path": "data_f4_BuecheRastrigin/IOHprofiler_f4_DIM5.dat",
		"runs": [
			{"instance": 10, "evals": 150030, "best": {"evals": 141438, "y": 3.8733464112164793, "x": [3.212024298295985, -0.7226166606088532, 2.1122393526713448, -1.2311154772294561, 2.859628050739807]}}
		]}
	]
}
