{
	"version": "0.3.6", 
	"suite": "unknown_suite", 
	"function_id": 3, 
	"function_name": "Rastrigin", 
	"maximization": false, 
	"algorithm": {"name": "CMAES_ModCMA", "info": "test of IOHexperimenter in python"},
	"attributes": ["evaluations", "raw_y"],
	"scenarios": [
		{"dimension": 5,
		"path": "data_f3_Rastrigin/IOHprofiler_f3_DIM5.dat",
		"runs": [
			{"instance": 9, "evals": 1000000, "best": {"evals": 559017, "y": 0.029826211122692587, "x": [0.8358331151799453, 3.918279889057286, 1.7153956246710267, 2.8757427763292007, -1.011110007174415]}}
		]}
	]
}
