{
	"version": "0.3.6", 
	"suite": "unknown_suite", 
	"function_id": 3, 
	"function_name": "Rastrigin", 
	"maximization": false, 
	"algorithm": {"name": "CMAES_ModCMA", "info": "test of IOHexperimenter in python"},
	"attributes": ["evaluations", "raw_y"],
	"scenarios": [
		{"dimension": 5,
		"path": "data_f3_Rastrigin/IOHprofiler_f3_DIM5.dat",
		"runs": [
			{"instance": 11, "evals": 100000, "best": {"evals": 33256, "y": 1.2147987983859685, "x": [-2.5918297669498935, -1.4723130571332885, -2.0980233926890346, 0.9308822619130206, 1.6798263827948279]}}
		]}
	]
}
