{
	"version": "0.3.6", 
	"suite": "unknown_suite", 
	"function_id": 3, 
	"function_name": "Rastrigin", 
	"maximization": false, 
	"algorithm": {"name": "CMAES_ModCMA", "info": "test of IOHexperimenter in python"},
	"attributes": ["evaluations", "raw_y"],
	"scenarios": [
		{"dimension": 5,
		"path": "data_f3_Rastrigin/IOHprofiler_f3_DIM5.dat",
		"runs": [
			{"instance": 14, "evals": 1000000, "best": {"evals": 198502, "y": 0.02711262686831577, "x": [3.2145081030856493, 2.803518552950698, 1.1289509821927706, -3.0910592554637817, -1.6220293521651434]}}
		]}
	]
}
