{
	"version": "0.3.6", 
	"suite": "unknown_suite", 
	"function_id": 3, 
	"function_name": "Rastrigin", 
	"maximization": false, 
	"algorithm": {"name": "ModCMA", "info": "test of IOHexperimenter in python"},
	"attributes": ["evaluations", "raw_y"],
	"scenarios": [
		{"dimension": 5,
		"path": "data_f3_Rastrigin/IOHprofiler_f3_DIM5.dat",
		"runs": [
			{"instance": 12, "evals": 1000000, "best": {"evals": 623477, "y": 0.018125773000540527, "x": [3.5205561419356046, 3.6133727481628752, 3.8593464642249344, 0.8513594068735539, 0.554961804203896]}}
		]}
	]
}
