{
	"version": "0.3.6", 
	"suite": "unknown_suite", 
	"function_id": 3, 
	"function_name": "Rastrigin", 
	"maximization": false, 
	"algorithm": {"name": "CMAES_SB-CMA", "info": "test of IOHexperimenter in python"},
	"attributes": ["evaluations", "raw_y"],
	"scenarios": [
		{"dimension": 5,
		"path": "data_f3_Rastrigin/IOHprofiler_f3_DIM5.dat",
		"runs": [
			{"instance": 7, "evals": 20000, "best": {"evals": 374, "y": 48.445280411586616, "x": [-1.9356450597204056, -3.7021015557758092, -0.5073055654393022, 0.26649823500406966, 0.34277132411343425]}}
		]}
	]
}
