{
	"version": "0.3.6", 
	"suite": "unknown_suite", 
	"function_id": 4, 
	"function_name": "BuecheRastrigin", 
	"maximization": false, 
	"algorithm": {"name": "SP[10]-CMA", "info": "test of IOHexperimenter in python"},
	"attributes": ["evaluations", "raw_y"],
	"scenarios": [
		{"dimension": 5,
		"path": "data_f4_BuecheRastrigin/IOHprofiler_f4_DIM5.dat",
		"runs": [
			{"instance": 3, "evals": 150030, "best": {"evals": 103075, "y": 2.984943658483155, "x": [1.181775630801081, -1.7882707845562598, -0.3511574208517796, 3.088971950294523, 3.6047145471236424]}}
		]}
	]
}
