{
	"version": "0.3.6", 
	"suite": "unknown_suite", 
	"function_id": 3, 
	"function_name": "Rastrigin", 
	"maximization": false, 
	"algorithm": {"name": "SP[20]-CMA", "info": "test of IOHexperimenter in python"},
	"attributes": ["evaluations", "raw_y"],
	"scenarios": [
		{"dimension": 5,
		"path": "data_f3_Rastrigin/IOHprofiler_f3_DIM5.dat",
		"runs": [
			{"instance": 11, "evals": 500200, "best": {"evals": 114042, "y": 1.7915910721096657, "x": [-2.5716989401734334, -2.298745443856818, -1.5402808509350476, 0.9553905688666023, 1.6838670646886031]}}
		]}
	]
}
