{
	"version": "0.3.6", 
	"suite": "unknown_suite", 
	"function_id": 3, 
	"function_name": "Rastrigin", 
	"maximization": false, 
	"algorithm": {"name": "CMAES_ModCMA", "info": "test of IOHexperimenter in python"},
	"attributes": ["evaluations", "raw_y"],
	"scenarios": [
		{"dimension": 5,
		"path": "data_f3_Rastrigin/IOHprofiler_f3_DIM5.dat",
		"runs": [
			{"instance": 14, "evals": 1000000, "best": {"evals": 755957, "y": 0.0005004294517014266, "x": [3.2035001643782017, 2.8029960436714054, 1.129798927812479, -3.0906655873445836, -1.6208402306744565]}}
		]}
	]
}
