{
	"version": "0.3.6", 
	"suite": "unknown_suite", 
	"function_id": 3, 
	"function_name": "Rastrigin", 
	"maximization": false, 
	"algorithm": {"name": "CMAES_SB-CMA", "info": "test of IOHexperimenter in python"},
	"attributes": ["evaluations", "raw_y"],
	"scenarios": [
		{"dimension": 5,
		"path": "data_f3_Rastrigin/IOHprofiler_f3_DIM5.dat",
		"runs": [
			{"instance": 14, "evals": 500200, "best": {"evals": 104670, "y": 1.2747007110447865, "x": [3.1794943010026966, 2.787259548966758, 0.5277650067881572, -3.0824898324133136, -1.6202374342960695]}}
		]}
	]
}
