{
	"version": "0.3.6", 
	"suite": "unknown_suite", 
	"function_id": 3, 
	"function_name": "Rastrigin", 
	"maximization": false, 
	"algorithm": {"name": "SP[20]-CMA", "info": "test of IOHexperimenter in python"},
	"attributes": ["evaluations", "raw_y"],
	"scenarios": [
		{"dimension": 5,
		"path": "data_f3_Rastrigin/IOHprofiler_f3_DIM5.dat",
		"runs": [
			{"instance": 3, "evals": 500200, "best": {"evals": 347177, "y": 27.580951789361748, "x": [-3.0586465389209154, -1.6990072354179144, -0.8672528517117223, 3.435891177461318, -3.940767611096967]}}
		]}
	]
}
