{
	"version": "0.3.6", 
	"suite": "unknown_suite", 
	"function_id": 3, 
	"function_name": "Rastrigin", 
	"maximization": false, 
	"algorithm": {"name": "CMAES_ModCMA", "info": "test of IOHexperimenter in python"},
	"attributes": ["evaluations", "raw_y"],
	"scenarios": [
		{"dimension": 5,
		"path": "data_f3_Rastrigin/IOHprofiler_f3_DIM5.dat",
		"runs": [
			{"instance": 3, "evals": 1000000, "best": {"evals": 726417, "y": 1.000809628542471, "x": [-2.1828772738669056, -0.1530390896084589, 0.24444674046987142, 3.0880536834867427, -3.6050679499779488]}}
		]}
	]
}
