{
	"version": "0.3.6", 
	"suite": "unknown_suite", 
	"function_id": 3, 
	"function_name": "Rastrigin", 
	"maximization": false, 
	"algorithm": {"name": "ModCMA", "info": "test of IOHexperimenter in python"},
	"attributes": ["evaluations", "raw_y"],
	"scenarios": [
		{"dimension": 5,
		"path": "data_f3_Rastrigin/IOHprofiler_f3_DIM5.dat",
		"runs": [
			{"instance": 3, "evals": 1000000, "best": {"evals": 698702, "y": 0.021929857048988168, "x": [-2.180497176003429, -0.9768790652796256, 0.24403789098689105, 3.089469272920563, -3.6069184523790416]}}
		]}
	]
}
