{
	"version": "0.3.6", 
	"suite": "unknown_suite", 
	"function_id": 4, 
	"function_name": "BuecheRastrigin", 
	"maximization": false, 
	"algorithm": {"name": "ModCMA", "info": "test of IOHexperimenter in python"},
	"attributes": ["evaluations", "raw_y"],
	"scenarios": [
		{"dimension": 5,
		"path": "data_f4_BuecheRastrigin/IOHprofiler_f4_DIM5.dat",
		"runs": [
			{"instance": 15, "evals": 1000000, "best": {"evals": 269105, "y": 2.006598638437005, "x": [2.8887105944153935, 3.169087808779913, -0.008427480755848676, 3.7375025667368593, 1.9058964315937064]}}
		]}
	]
}
