{
	"version": "0.3.6", 
	"suite": "unknown_suite", 
	"function_id": 3, 
	"function_name": "Rastrigin", 
	"maximization": false, 
	"algorithm": {"name": "CMAES_SB-CMA", "info": "test of IOHexperimenter in python"},
	"attributes": ["evaluations", "raw_y"],
	"scenarios": [
		{"dimension": 5,
		"path": "data_f3_Rastrigin/IOHprofiler_f3_DIM5.dat",
		"runs": [
			{"instance": 5, "evals": 20000, "best": {"evals": 342, "y": 54.45612057118913, "x": [-5.7713894250491, -1.0245150315569131, 2.909543777238615, -0.05676347979781804, -2.1874778771428467]}}
		]}
	]
}
