{
	"version": "0.3.6", 
	"suite": "unknown_suite", 
	"function_id": 3, 
	"function_name": "Rastrigin", 
	"maximization": false, 
	"algorithm": {"name": "CMAES_ModCMA", "info": "test of IOHexperimenter in python"},
	"attributes": ["evaluations", "raw_y"],
	"scenarios": [
		{"dimension": 5,
		"path": "data_f3_Rastrigin/IOHprofiler_f3_DIM5.dat",
		"runs": [
			{"instance": 8, "evals": 100000, "best": {"evals": 16085, "y": 28.64666592943199, "x": [-0.5577160133895438, 0.13361964242680724, 1.550535098462503, 3.532913169452292, 3.5778976286502138]}}
		]}
	]
}
