{
	"version": "0.3.6", 
	"suite": "unknown_suite", 
	"function_id": 3, 
	"function_name": "Rastrigin", 
	"maximization": false, 
	"algorithm": {"name": "CMAES_ModCMA", "info": "test of IOHexperimenter in python"},
	"attributes": ["evaluations", "raw_y"],
	"scenarios": [
		{"dimension": 5,
		"path": "data_f3_Rastrigin/IOHprofiler_f3_DIM5.dat",
		"runs": [
			{"instance": 12, "evals": 1000000, "best": {"evals": 120253, "y": 0.0160146577081867, "x": [3.519270254873017, 3.6098360299787364, 3.8590854041093765, 0.8537245860792356, 0.5546125594411434]}}
		]}
	]
}
