{
	"version": "0.3.6", 
	"suite": "unknown_suite", 
	"function_id": 4, 
	"function_name": "BuecheRastrigin", 
	"maximization": false, 
	"algorithm": {"name": "CMAES_SB-CMA", "info": "test of IOHexperimenter in python"},
	"attributes": ["evaluations", "raw_y"],
	"scenarios": [
		{"dimension": 5,
		"path": "data_f4_BuecheRastrigin/IOHprofiler_f4_DIM5.dat",
		"runs": [
			{"instance": 4, "evals": 500200, "best": {"evals": 181606, "y": 2.9911083448592937, "x": [2.1255199473209743, -1.4761564526300734, 1.1836102365661425, 3.9100808093426926, 3.152226091340505]}}
		]}
	]
}
