{
	"version": "0.3.6", 
	"suite": "unknown_suite", 
	"function_id": 3, 
	"function_name": "Rastrigin", 
	"maximization": false, 
	"algorithm": {"name": "SP[10]-CMA", "info": "test of IOHexperimenter in python"},
	"attributes": ["evaluations", "raw_y"],
	"scenarios": [
		{"dimension": 5,
		"path": "data_f3_Rastrigin/IOHprofiler_f3_DIM5.dat",
		"runs": [
			{"instance": 8, "evals": 150030, "best": {"evals": 94581, "y": 3.993866689406762, "x": [-2.5732877665716614, -1.6248696898129675, -0.17070017904471552, 3.5874670517955933, 3.301637348628538]}}
		]}
	]
}
