{
	"version": "0.3.6", 
	"suite": "unknown_suite", 
	"function_id": 4, 
	"function_name": "BuecheRastrigin", 
	"maximization": false, 
	"algorithm": {"name": "CMAES_SB-CMA", "info": "test of IOHexperimenter in python"},
	"attributes": ["evaluations", "raw_y"],
	"scenarios": [
		{"dimension": 5,
		"path": "data_f4_BuecheRastrigin/IOHprofiler_f4_DIM5.dat",
		"runs": [
			{"instance": 9, "evals": 20000, "best": {"evals": 19701, "y": 8.467298620140674, "x": [-0.1490742550699936, 2.540293075651992, 1.1334120035545452, 2.4510908930980753, 0.9864470920064423]}}
		]}
	]
}
