{
	"version": "0.3.6", 
	"suite": "unknown_suite", 
	"function_id": 3, 
	"function_name": "Rastrigin", 
	"maximization": false, 
	"algorithm": {"name": "CMAES_ModCMA", "info": "test of IOHexperimenter in python"},
	"attributes": ["evaluations", "raw_y"],
	"scenarios": [
		{"dimension": 5,
		"path": "data_f3_Rastrigin/IOHprofiler_f3_DIM5.dat",
		"runs": [
			{"instance": 1, "evals": 1000000, "best": {"evals": 684155, "y": 0.02012902403877029, "x": [-2.3403575699910264, 2.3025976457052186, 2.211207260424026, 0.7249220543028444, 2.3007236465780614]}}
		]}
	]
}
