{
	"version": "0.3.6", 
	"suite": "unknown_suite", 
	"function_id": 3, 
	"function_name": "Rastrigin", 
	"maximization": false, 
	"algorithm": {"name": "SP[10]-CMA", "info": "test of IOHexperimenter in python"},
	"attributes": ["evaluations", "raw_y"],
	"scenarios": [
		{"dimension": 5,
		"path": "data_f3_Rastrigin/IOHprofiler_f3_DIM5.dat",
		"runs": [
			{"instance": 5, "evals": 150030, "best": {"evals": 42150, "y": 3.26461665352967, "x": [-3.769440307809446, 2.2818741692734275, 4.0138480827557315, -1.9735276958944505, -2.134347228470355]}}
		]}
	]
}
