{
	"version": "0.3.6", 
	"suite": "unknown_suite", 
	"function_id": 3, 
	"function_name": "Rastrigin", 
	"maximization": false, 
	"algorithm": {"name": "ModCMA", "info": "test of IOHexperimenter in python"},
	"attributes": ["evaluations", "raw_y"],
	"scenarios": [
		{"dimension": 5,
		"path": "data_f3_Rastrigin/IOHprofiler_f3_DIM5.dat",
		"runs": [
			{"instance": 15, "evals": 1000000, "best": {"evals": 533283, "y": 0.014694404925189275, "x": [-3.8862114673079353, 3.175342783970451, 0.593373812498129, 3.739355786160922, 1.9062171474332315]}}
		]}
	]
}
