{
	"version": "0.3.6", 
	"suite": "unknown_suite", 
	"function_id": 3, 
	"function_name": "Rastrigin", 
	"maximization": false, 
	"algorithm": {"name": "CMAES_ModCMA", "info": "test of IOHexperimenter in python"},
	"attributes": ["evaluations", "raw_y"],
	"scenarios": [
		{"dimension": 5,
		"path": "data_f3_Rastrigin/IOHprofiler_f3_DIM5.dat",
		"runs": [
			{"instance": 1, "evals": 1000000, "best": {"evals": 804557, "y": 0.002428012530163559, "x": [-2.342198035223371, 2.3018512680684093, 2.2135587564558237, 0.7278275884234459, 2.2985966533910256]}}
		]}
	]
}
