{
	"version": "0.3.6", 
	"suite": "unknown_suite", 
	"function_id": 4, 
	"function_name": "BuecheRastrigin", 
	"maximization": false, 
	"algorithm": {"name": "CMAES_ModCMA", "info": "test of IOHexperimenter in python"},
	"attributes": ["evaluations", "raw_y"],
	"scenarios": [
		{"dimension": 5,
		"path": "data_f4_BuecheRastrigin/IOHprofiler_f4_DIM5.dat",
		"runs": [
			{"instance": 7, "evals": 100000, "best": {"evals": 84674, "y": 3.03221357547367, "x": [-0.7956538557018002, -2.2405433864070123, -0.5804309092251835, -0.26159893943559825, 0.4515159345338033]}}
		]}
	]
}
