{
	"version": "0.3.6", 
	"suite": "unknown_suite", 
	"function_id": 3, 
	"function_name": "Rastrigin", 
	"maximization": false, 
	"algorithm": {"name": "CMAES_SB-CMA", "info": "test of IOHexperimenter in python"},
	"attributes": ["evaluations", "raw_y"],
	"scenarios": [
		{"dimension": 5,
		"path": "data_f3_Rastrigin/IOHprofiler_f3_DIM5.dat",
		"runs": [
			{"instance": 4, "evals": 20000, "best": {"evals": 580, "y": 45.329319106466315, "x": [6.058440452453636, -0.2095958332029193, 0.3051938832148311, 5.052740571407619, 2.879941434148188]}}
		]}
	]
}
