{
	"version": "0.3.6", 
	"suite": "unknown_suite", 
	"function_id": 3, 
	"function_name": "Rastrigin", 
	"maximization": false, 
	"algorithm": {"name": "SP-CMA", "info": "test of IOHexperimenter in python"},
	"attributes": ["evaluations", "raw_y"],
	"scenarios": [
		{"dimension": 5,
		"path": "data_f3_Rastrigin/IOHprofiler_f3_DIM5.dat",
		"runs": [
			{"instance": 13, "evals": 500200, "best": {"evals": 153720, "y": 2.0485981292072584, "x": [3.279618224932411, 0.1940704194389555, 1.690843637007461, 2.2953345733074317, -2.2527910469543584]}}
		]}
	]
}
