{
	"version": "0.3.6", 
	"suite": "unknown_suite", 
	"function_id": 4, 
	"function_name": "BuecheRastrigin", 
	"maximization": false, 
	"algorithm": {"name": "CMAES_SB-CMA", "info": "test of IOHexperimenter in python"},
	"attributes": ["evaluations", "raw_y"],
	"scenarios": [
		{"dimension": 5,
		"path": "data_f4_BuecheRastrigin/IOHprofiler_f4_DIM5.dat",
		"runs": [
			{"instance": 1, "evals": 500200, "best": {"evals": 131662, "y": 2.9903348600258792, "x": [1.3437549447835602, 1.4961867269711775, 1.6137239576049525, 0.7280916386355026, 2.2989163335813276]}}
		]}
	]
}
