{
	"version": "0.3.6", 
	"suite": "unknown_suite", 
	"function_id": 3, 
	"function_name": "Rastrigin", 
	"maximization": false, 
	"algorithm": {"name": "SP[10]-CMA", "info": "test of IOHexperimenter in python"},
	"attributes": ["evaluations", "raw_y"],
	"scenarios": [
		{"dimension": 5,
		"path": "data_f3_Rastrigin/IOHprofiler_f3_DIM5.dat",
		"runs": [
			{"instance": 15, "evals": 150030, "best": {"evals": 2010, "y": 2.9862404805083997, "x": [-3.8886554000615052, 4.00320321146521, 0.5921088175185941, 3.32920444014648, 2.267732911014871]}}
		]}
	]
}
