{
	"version": "0.3.6", 
	"suite": "unknown_suite", 
	"function_id": 4, 
	"function_name": "BuecheRastrigin", 
	"maximization": false, 
	"algorithm": {"name": "CMAES_ModCMA", "info": "test of IOHexperimenter in python"},
	"attributes": ["evaluations", "raw_y"],
	"scenarios": [
		{"dimension": 5,
		"path": "data_f4_BuecheRastrigin/IOHprofiler_f4_DIM5.dat",
		"runs": [
			{"instance": 13, "evals": 100000, "best": {"evals": 22081, "y": 2.994999277650089, "x": [2.2961008242754586, -0.6351566727641819, 1.1021752166221848, 2.2988498192818523, 2.3073640100994]}}
		]}
	]
}
