{
	"version": "0.3.6", 
	"suite": "unknown_suite", 
	"function_id": 4, 
	"function_name": "BuecheRastrigin", 
	"maximization": false, 
	"algorithm": {"name": "ModCMA", "info": "test of IOHexperimenter in python"},
	"attributes": ["evaluations", "raw_y"],
	"scenarios": [
		{"dimension": 5,
		"path": "data_f4_BuecheRastrigin/IOHprofiler_f4_DIM5.dat",
		"runs": [
			{"instance": 7, "evals": 1000000, "best": {"evals": 389854, "y": 2.447270876794953, "x": [0.2008066717588931, -2.2186469234602857, -0.5571477487957739, -0.24397497828711287, 0.4567915012777695]}}
		]}
	]
}
