{
	"version": "0.3.6", 
	"suite": "unknown_suite", 
	"function_id": 3, 
	"function_name": "Rastrigin", 
	"maximization": false, 
	"algorithm": {"name": "SP-CMA", "info": "test of IOHexperimenter in python"},
	"attributes": ["evaluations", "raw_y"],
	"scenarios": [
		{"dimension": 5,
		"path": "data_f3_Rastrigin/IOHprofiler_f3_DIM5.dat",
		"runs": [
			{"instance": 5, "evals": 500200, "best": {"evals": 304169, "y": 3.5642774770090893, "x": [-4.773894390451403, 2.263955305572508, 2.868656976542816, -1.954746659827741, -2.4959201622590506]}}
		]}
	]
}
