{
	"version": "0.3.6", 
	"suite": "unknown_suite", 
	"function_id": 3, 
	"function_name": "Rastrigin", 
	"maximization": false, 
	"algorithm": {"name": "CMAES_ModCMA", "info": "test of IOHexperimenter in python"},
	"attributes": ["evaluations", "raw_y"],
	"scenarios": [
		{"dimension": 5,
		"path": "data_f3_Rastrigin/IOHprofiler_f3_DIM5.dat",
		"runs": [
			{"instance": 10, "evals": 1000000, "best": {"evals": 70786, "y": 0.9966329866464433, "x": [-3.2517205850367437, -1.4576511508355414, -2.6959334479417043, -0.8272912431775511, 3.2253900965441926]}}
		]}
	]
}
