{
	"version": "0.3.6", 
	"suite": "unknown_suite", 
	"function_id": 4, 
	"function_name": "BuecheRastrigin", 
	"maximization": false, 
	"algorithm": {"name": "SP[20]-CMA", "info": "test of IOHexperimenter in python"},
	"attributes": ["evaluations", "raw_y"],
	"scenarios": [
		{"dimension": 5,
		"path": "data_f4_BuecheRastrigin/IOHprofiler_f4_DIM5.dat",
		"runs": [
			{"instance": 13, "evals": 500200, "best": {"evals": 157920, "y": 2.1405847499134927, "x": [3.284548926195145, -0.6404296348232378, 1.104567842305222, 2.2989770433226115, 2.3134291675797]}}
		]}
	]
}
