{
	"version": "0.3.6", 
	"suite": "unknown_suite", 
	"function_id": 4, 
	"function_name": "BuecheRastrigin", 
	"maximization": false, 
	"algorithm": {"name": "CMAES_ModCMA", "info": "test of IOHexperimenter in python"},
	"attributes": ["evaluations", "raw_y"],
	"scenarios": [
		{"dimension": 5,
		"path": "data_f4_BuecheRastrigin/IOHprofiler_f4_DIM5.dat",
		"runs": [
			{"instance": 5, "evals": 1000000, "best": {"evals": 981085, "y": 2.6674817948707132, "x": [2.768817484042936, 1.4651172762230322, 2.8975497486224184, -1.9517085798959442, 2.487030127982072]}}
		]}
	]
}
