{
	"version": "0.3.6", 
	"suite": "unknown_suite", 
	"function_id": 3, 
	"function_name": "Rastrigin", 
	"maximization": false, 
	"algorithm": {"name": "CMAES_SB-CMA", "info": "test of IOHexperimenter in python"},
	"attributes": ["evaluations", "raw_y"],
	"scenarios": [
		{"dimension": 5,
		"path": "data_f3_Rastrigin/IOHprofiler_f3_DIM5.dat",
		"runs": [
			{"instance": 10, "evals": 500200, "best": {"evals": 199525, "y": 2.386096795851825, "x": [-3.2358257395636705, -0.6198445170958106, -2.6809366824433862, -1.2399762671945367, 2.8533905722008766]}}
		]}
	]
}
