{
	"version": "0.3.6", 
	"suite": "unknown_suite", 
	"function_id": 3, 
	"function_name": "Rastrigin", 
	"maximization": false, 
	"algorithm": {"name": "SP[20]-CMA", "info": "test of IOHexperimenter in python"},
	"attributes": ["evaluations", "raw_y"],
	"scenarios": [
		{"dimension": 5,
		"path": "data_f3_Rastrigin/IOHprofiler_f3_DIM5.dat",
		"runs": [
			{"instance": 14, "evals": 500200, "best": {"evals": 45591, "y": 1.0231059925733097, "x": [3.2108514831508135, 2.8055344553859842, 1.1325384001371956, -3.093495774830883, -1.2578629629695355]}}
		]}
	]
}
