{
	"version": "0.3.6", 
	"suite": "unknown_suite", 
	"function_id": 4, 
	"function_name": "BuecheRastrigin", 
	"maximization": false, 
	"algorithm": {"name": "SP[20]-CMA", "info": "test of IOHexperimenter in python"},
	"attributes": ["evaluations", "raw_y"],
	"scenarios": [
		{"dimension": 5,
		"path": "data_f4_BuecheRastrigin/IOHprofiler_f4_DIM5.dat",
		"runs": [
			{"instance": 11, "evals": 500200, "best": {"evals": 183958, "y": 1.9978075480854722, "x": [1.5848410694709176, -2.2790122596815126, 1.49031484100145, 0.9314699396265935, 1.676413420212025]}}
		]}
	]
}
