{
	"version": "0.3.6", 
	"suite": "unknown_suite", 
	"function_id": 3, 
	"function_name": "Rastrigin", 
	"maximization": false, 
	"algorithm": {"name": "ModCMA", "info": "test of IOHexperimenter in python"},
	"attributes": ["evaluations", "raw_y"],
	"scenarios": [
		{"dimension": 5,
		"path": "data_f3_Rastrigin/IOHprofiler_f3_DIM5.dat",
		"runs": [
			{"instance": 15, "evals": 1000000, "best": {"evals": 767570, "y": 0.00048409734466905313, "x": [-3.8883214709982012, 3.1723797682736334, 0.5905544539746623, 3.73701193862447, 1.907000708854773]}}
		]}
	]
}
