{
	"version": "0.3.6", 
	"suite": "unknown_suite", 
	"function_id": 3, 
	"function_name": "Rastrigin", 
	"maximization": false, 
	"algorithm": {"name": "ModCMA", "info": "test of IOHexperimenter in python"},
	"attributes": ["evaluations", "raw_y"],
	"scenarios": [
		{"dimension": 5,
		"path": "data_f3_Rastrigin/IOHprofiler_f3_DIM5.dat",
		"runs": [
			{"instance": 8, "evals": 1000000, "best": {"evals": 516634, "y": 0.023519624989771983, "x": [-1.5758341978102899, -0.8237146311863459, -0.17473916438466044, 3.1194576076741884, 2.9445954239381384]}}
		]}
	]
}
