{
	"version": "0.3.6", 
	"suite": "unknown_suite", 
	"function_id": 3, 
	"function_name": "Rastrigin", 
	"maximization": false, 
	"algorithm": {"name": "CMAES_ModCMA", "info": "test of IOHexperimenter in python"},
	"attributes": ["evaluations", "raw_y"],
	"scenarios": [
		{"dimension": 5,
		"path": "data_f3_Rastrigin/IOHprofiler_f3_DIM5.dat",
		"runs": [
			{"instance": 13, "evals": 1000000, "best": {"evals": 239215, "y": 0.019897364118483613, "x": [3.298875981033909, -0.633110864716786, 1.6931759213908457, 2.301646836802122, -2.6155249022068143]}}
		]}
	]
}
