{
	"version": "0.3.6", 
	"suite": "unknown_suite", 
	"function_id": 4, 
	"function_name": "BuecheRastrigin", 
	"maximization": false, 
	"algorithm": {"name": "ModCMA", "info": "test of IOHexperimenter in python"},
	"attributes": ["evaluations", "raw_y"],
	"scenarios": [
		{"dimension": 5,
		"path": "data_f4_BuecheRastrigin/IOHprofiler_f4_DIM5.dat",
		"runs": [
			{"instance": 7, "evals": 1000000, "best": {"evals": 140923, "y": 1.9900825395805528, "x": [-0.7947382060074788, -2.233704185999794, -0.5715730892460019, -0.2589670180511532, 0.7614087581375748]}}
		]}
	]
}
