{
	"version": "0.3.6", 
	"suite": "unknown_suite", 
	"function_id": 3, 
	"function_name": "Rastrigin", 
	"maximization": false, 
	"algorithm": {"name": "ModCMA", "info": "test of IOHexperimenter in python"},
	"attributes": ["evaluations", "raw_y"],
	"scenarios": [
		{"dimension": 5,
		"path": "data_f3_Rastrigin/IOHprofiler_f3_DIM5.dat",
		"runs": [
			{"instance": 6, "evals": 1000000, "best": {"evals": 91288, "y": 0.000924816211623222, "x": [-2.6461188641811417, -3.029494243943609, -2.304116835014109, -3.893766863619245, -0.6706949590319917]}}
		]}
	]
}
