{
	"version": "0.3.6", 
	"suite": "unknown_suite", 
	"function_id": 3, 
	"function_name": "Rastrigin", 
	"maximization": false, 
	"algorithm": {"name": "SP[10]-CMA", "info": "test of IOHexperimenter in python"},
	"attributes": ["evaluations", "raw_y"],
	"scenarios": [
		{"dimension": 5,
		"path": "data_f3_Rastrigin/IOHprofiler_f3_DIM5.dat",
		"runs": [
			{"instance": 4, "evals": 150030, "best": {"evals": 87162, "y": 3.6678072903840246, "x": [2.164775914301727, -1.4614373881671106, 1.7869428516904529, 4.381449231971998, 3.155304719976867]}}
		]}
	]
}
