{
	"version": "0.3.6", 
	"suite": "unknown_suite", 
	"function_id": 3, 
	"function_name": "Rastrigin", 
	"maximization": false, 
	"algorithm": {"name": "CMAES_ModCMA", "info": "test of IOHexperimenter in python"},
	"attributes": ["evaluations", "raw_y"],
	"scenarios": [
		{"dimension": 5,
		"path": "data_f3_Rastrigin/IOHprofiler_f3_DIM5.dat",
		"runs": [
			{"instance": 15, "evals": 100000, "best": {"evals": 65160, "y": 1.0266085656057786, "x": [-3.8941345798411855, 3.1708996545361154, 0.5951939904120706, 3.7375452433501195, 2.263550997295601]}}
		]}
	]
}
