{
	"version": "0.3.6", 
	"suite": "unknown_suite", 
	"function_id": 3, 
	"function_name": "Rastrigin", 
	"maximization": false, 
	"algorithm": {"name": "CMAES_ModCMA", "info": "test of IOHexperimenter in python"},
	"attributes": ["evaluations", "raw_y"],
	"scenarios": [
		{"dimension": 5,
		"path": "data_f3_Rastrigin/IOHprofiler_f3_DIM5.dat",
		"runs": [
			{"instance": 6, "evals": 100000, "best": {"evals": 19874, "y": 1.9902335742401136, "x": [-2.645207327490909, -2.198762450411245, -2.3043667172229534, -4.300972722584017, -0.670517776816203]}}
		]}
	]
}
