{
	"version": "0.3.6", 
	"suite": "unknown_suite", 
	"function_id": 4, 
	"function_name": "BuecheRastrigin", 
	"maximization": false, 
	"algorithm": {"name": "SP-CMA", "info": "test of IOHexperimenter in python"},
	"attributes": ["evaluations", "raw_y"],
	"scenarios": [
		{"dimension": 5,
		"path": "data_f4_BuecheRastrigin/IOHprofiler_f4_DIM5.dat",
		"runs": [
			{"instance": 7, "evals": 500200, "best": {"evals": 229883, "y": 2.994013721696846, "x": [-0.7980186465611888, -1.413040293838457, -0.5680542092921328, -0.26015130941800235, 0.7609066170509082]}}
		]}
	]
}
