{
	"version": "0.3.6", 
	"suite": "unknown_suite", 
	"function_id": 4, 
	"function_name": "BuecheRastrigin", 
	"maximization": false, 
	"algorithm": {"name": "SP[10]-CMA", "info": "test of IOHexperimenter in python"},
	"attributes": ["evaluations", "raw_y"],
	"scenarios": [
		{"dimension": 5,
		"path": "data_f4_BuecheRastrigin/IOHprofiler_f4_DIM5.dat",
		"runs": [
			{"instance": 9, "evals": 150030, "best": {"evals": 43915, "y": 6.9749882664284435, "x": [-1.125673511277822, 4.736264282077606, 1.117904098112794, 2.8782312459903325, 0.6994305985056437]}}
		]}
	]
}
