{
	"version": "0.3.6", 
	"suite": "unknown_suite", 
	"function_id": 3, 
	"function_name": "Rastrigin", 
	"maximization": false, 
	"algorithm": {"name": "CMAES_SB-CMA", "info": "test of IOHexperimenter in python"},
	"attributes": ["evaluations", "raw_y"],
	"scenarios": [
		{"dimension": 5,
		"path": "data_f3_Rastrigin/IOHprofiler_f3_DIM5.dat",
		"runs": [
			{"instance": 13, "evals": 20000, "best": {"evals": 1575, "y": 2.890085742648862, "x": [3.2926157923529957, 0.2338091718658519, 1.6872129760565027, 1.909234909626319, -2.614734609760329]}}
		]}
	]
}
