{
	"version": "0.3.6", 
	"suite": "unknown_suite", 
	"function_id": 4, 
	"function_name": "BuecheRastrigin", 
	"maximization": false, 
	"algorithm": {"name": "ModCMA", "info": "test of IOHexperimenter in python"},
	"attributes": ["evaluations", "raw_y"],
	"scenarios": [
		{"dimension": 5,
		"path": "data_f4_BuecheRastrigin/IOHprofiler_f4_DIM5.dat",
		"runs": [
			{"instance": 10, "evals": 1000000, "best": {"evals": 434341, "y": 2.9998811141501482, "x": [2.2515709327741744, -1.4618570733793652, 2.1020565407409184, -0.825232434647095, 2.5536446998659574]}}
		]}
	]
}
