{
	"version": "0.3.6", 
	"suite": "unknown_suite", 
	"function_id": 3, 
	"function_name": "Rastrigin", 
	"maximization": false, 
	"algorithm": {"name": "ModCMA", "info": "test of IOHexperimenter in python"},
	"attributes": ["evaluations", "raw_y"],
	"scenarios": [
		{"dimension": 5,
		"path": "data_f3_Rastrigin/IOHprofiler_f3_DIM5.dat",
		"runs": [
			{"instance": 10, "evals": 1000000, "best": {"evals": 345965, "y": 0.002544245375056749, "x": [-3.25230487649437, -1.4568459250079713, -2.697436587579647, -0.8272479579568576, 2.8634551041217065]}}
		]}
	]
}
