{
	"version": "0.3.6", 
	"suite": "unknown_suite", 
	"function_id": 3, 
	"function_name": "Rastrigin", 
	"maximization": false, 
	"algorithm": {"name": "CMAES_ModCMA", "info": "test of IOHexperimenter in python"},
	"attributes": ["evaluations", "raw_y"],
	"scenarios": [
		{"dimension": 5,
		"path": "data_f3_Rastrigin/IOHprofiler_f3_DIM5.dat",
		"runs": [
			{"instance": 3, "evals": 100000, "best": {"evals": 40253, "y": 0.9951332026115823, "x": [-2.178090963688726, -0.9829824162376654, 0.24442460617612344, 3.0886370554737583, -3.2436857145993185]}}
		]}
	]
}
