{
	"version": "0.3.6", 
	"suite": "unknown_suite", 
	"function_id": 3, 
	"function_name": "Rastrigin", 
	"maximization": false, 
	"algorithm": {"name": "SP-CMA", "info": "test of IOHexperimenter in python"},
	"attributes": ["evaluations", "raw_y"],
	"scenarios": [
		{"dimension": 5,
		"path": "data_f3_Rastrigin/IOHprofiler_f3_DIM5.dat",
		"runs": [
			{"instance": 4, "evals": 500200, "best": {"evals": 141311, "y": 3.132806495361525, "x": [2.124932055144149, -3.1001572514756783, 1.1815781595743464, 3.903944332064531, 3.1602511008960983]}}
		]}
	]
}
