{
	"version": "0.3.6", 
	"suite": "unknown_suite", 
	"function_id": 3, 
	"function_name": "Rastrigin", 
	"maximization": false, 
	"algorithm": {"name": "SP[10]-CMA", "info": "test of IOHexperimenter in python"},
	"attributes": ["evaluations", "raw_y"],
	"scenarios": [
		{"dimension": 5,
		"path": "data_f3_Rastrigin/IOHprofiler_f3_DIM5.dat",
		"runs": [
			{"instance": 14, "evals": 150030, "best": {"evals": 130662, "y": 3.0023350939060376, "x": [3.200903210632899, 3.629653729013542, 1.6799387852368584, -3.4966015414778293, -1.6228092770099745]}}
		]}
	]
}
