{
	"version": "0.3.6", 
	"suite": "unknown_suite", 
	"function_id": 4, 
	"function_name": "BuecheRastrigin", 
	"maximization": false, 
	"algorithm": {"name": "ModCMA", "info": "test of IOHexperimenter in python"},
	"attributes": ["evaluations", "raw_y"],
	"scenarios": [
		{"dimension": 5,
		"path": "data_f4_BuecheRastrigin/IOHprofiler_f4_DIM5.dat",
		"runs": [
			{"instance": 4, "evals": 1000000, "best": {"evals": 382167, "y": 2.5912304677936113, "x": [3.0982489677365206, -2.322982664241114, 1.1967544186681842, 3.9183854254204284, 2.8499985998835173]}}
		]}
	]
}
