{
	"version": "0.3.6", 
	"suite": "unknown_suite", 
	"function_id": 3, 
	"function_name": "Rastrigin", 
	"maximization": false, 
	"algorithm": {"name": "ModCMA", "info": "test of IOHexperimenter in python"},
	"attributes": ["evaluations", "raw_y"],
	"scenarios": [
		{"dimension": 5,
		"path": "data_f3_Rastrigin/IOHprofiler_f3_DIM5.dat",
		"runs": [
			{"instance": 12, "evals": 1000000, "best": {"evals": 495260, "y": 0.46246134763496, "x": [3.4826019657659604, 3.632306444803666, 3.8550617406300236, 0.8428834768700207, 0.5525970719528566]}}
		]}
	]
}
