{
	"version": "0.3.6", 
	"suite": "unknown_suite", 
	"function_id": 3, 
	"function_name": "Rastrigin", 
	"maximization": false, 
	"algorithm": {"name": "CMAES_SB-CMA", "info": "test of IOHexperimenter in python"},
	"attributes": ["evaluations", "raw_y"],
	"scenarios": [
		{"dimension": 5,
		"path": "data_f3_Rastrigin/IOHprofiler_f3_DIM5.dat",
		"runs": [
			{"instance": 1, "evals": 500200, "best": {"evals": 432808, "y": 3.079491410917319, "x": [-2.3284068835817653, 3.1257589520462803, 1.6153209341087789, 0.7228834196417803, 2.666514139564835]}}
		]}
	]
}
