{
	"version": "0.3.6", 
	"suite": "unknown_suite", 
	"function_id": 4, 
	"function_name": "BuecheRastrigin", 
	"maximization": false, 
	"algorithm": {"name": "ModCMA", "info": "test of IOHexperimenter in python"},
	"attributes": ["evaluations", "raw_y"],
	"scenarios": [
		{"dimension": 5,
		"path": "data_f4_BuecheRastrigin/IOHprofiler_f4_DIM5.dat",
		"runs": [
			{"instance": 5, "evals": 1000000, "best": {"evals": 433359, "y": 1.9977184196685078, "x": [2.7683158228156697, 1.479996158361388, 2.862547789176529, -1.9642426324761812, 2.4912442284991]}}
		]}
	]
}
