{
	"version": "0.3.6", 
	"suite": "unknown_suite", 
	"function_id": 4, 
	"function_name": "BuecheRastrigin", 
	"maximization": false, 
	"algorithm": {"name": "ModCMA", "info": "test of IOHexperimenter in python"},
	"attributes": ["evaluations", "raw_y"],
	"scenarios": [
		{"dimension": 5,
		"path": "data_f4_BuecheRastrigin/IOHprofiler_f4_DIM5.dat",
		"runs": [
			{"instance": 6, "evals": 1000000, "best": {"evals": 197928, "y": 2.0770480659335213, "x": [2.6256205139096513, -3.025228855122344, 1.7090434799724528, -3.8938924351723214, 0.360629624063191]}}
		]}
	]
}
