{
	"version": "0.3.6", 
	"suite": "unknown_suite", 
	"function_id": 3, 
	"function_name": "Rastrigin", 
	"maximization": false, 
	"algorithm": {"name": "CMAES_SB-CMA", "info": "test of IOHexperimenter in python"},
	"attributes": ["evaluations", "raw_y"],
	"scenarios": [
		{"dimension": 5,
		"path": "data_f3_Rastrigin/IOHprofiler_f3_DIM5.dat",
		"runs": [
			{"instance": 12, "evals": 20000, "best": {"evals": 1756, "y": 5.112464090235971, "x": [2.5290700962495545, 4.457049029452553, 3.267878032768472, 1.3231910761951038, 0.9206916626062396]}}
		]}
	]
}
