{
	"version": "0.3.6", 
	"suite": "unknown_suite", 
	"function_id": 4, 
	"function_name": "BuecheRastrigin", 
	"maximization": false, 
	"algorithm": {"name": "CMAES_ModCMA", "info": "test of IOHexperimenter in python"},
	"attributes": ["evaluations", "raw_y"],
	"scenarios": [
		{"dimension": 5,
		"path": "data_f4_BuecheRastrigin/IOHprofiler_f4_DIM5.dat",
		"runs": [
			{"instance": 12, "evals": 100000, "best": {"evals": 83431, "y": 3.09701478065184, "x": [2.5226326761876656, 3.6099615068083613, 3.273063698511574, 0.8549548097375104, 0.24051614845492267]}}
		]}
	]
}
