{
	"version": "0.3.6", 
	"suite": "unknown_suite", 
	"function_id": 3, 
	"function_name": "Rastrigin", 
	"maximization": false, 
	"algorithm": {"name": "ModCMA", "info": "test of IOHexperimenter in python"},
	"attributes": ["evaluations", "raw_y"],
	"scenarios": [
		{"dimension": 5,
		"path": "data_f3_Rastrigin/IOHprofiler_f3_DIM5.dat",
		"runs": [
			{"instance": 9, "evals": 1000000, "best": {"evals": 68914, "y": 0.027269332223574198, "x": [0.8395552913820232, 3.923718712213218, 1.7150337668508633, 2.8825589222764894, -1.0077309315006358]}}
		]}
	]
}
