{
	"version": "0.3.6", 
	"suite": "unknown_suite", 
	"function_id": 3, 
	"function_name": "Rastrigin", 
	"maximization": false, 
	"algorithm": {"name": "CMAES_ModCMA", "info": "test of IOHexperimenter in python"},
	"attributes": ["evaluations", "raw_y"],
	"scenarios": [
		{"dimension": 5,
		"path": "data_f3_Rastrigin/IOHprofiler_f3_DIM5.dat",
		"runs": [
			{"instance": 10, "evals": 1000000, "best": {"evals": 592358, "y": 0.0002789997063657333, "x": [-3.2517414976964325, -1.4583417564507133, -2.6958014746763013, -0.8263698618742099, 2.863199029643837]}}
		]}
	]
}
