{
	"version": "0.3.6", 
	"suite": "unknown_suite", 
	"function_id": 4, 
	"function_name": "BuecheRastrigin", 
	"maximization": false, 
	"algorithm": {"name": "CMAES_ModCMA", "info": "test of IOHexperimenter in python"},
	"attributes": ["evaluations", "raw_y"],
	"scenarios": [
		{"dimension": 5,
		"path": "data_f4_BuecheRastrigin/IOHprofiler_f4_DIM5.dat",
		"runs": [
			{"instance": 15, "evals": 1000000, "best": {"evals": 691947, "y": 2.3311638912591004, "x": [3.885987327290886, 3.151404286087399, 0.005835281314647974, 3.726378146628521, 1.593515792639142]}}
		]}
	]
}
