{
	"version": "0.3.6", 
	"suite": "unknown_suite", 
	"function_id": 3, 
	"function_name": "Rastrigin", 
	"maximization": false, 
	"algorithm": {"name": "SP[20]-CMA", "info": "test of IOHexperimenter in python"},
	"attributes": ["evaluations", "raw_y"],
	"scenarios": [
		{"dimension": 5,
		"path": "data_f3_Rastrigin/IOHprofiler_f3_DIM5.dat",
		"runs": [
			{"instance": 1, "evals": 500200, "best": {"evals": 498366, "y": 2.0235054036144877, "x": [-3.3404608740587043, 2.295332764813633, 2.2134544605997384, 0.32311700010807815, 2.3024872153790734]}}
		]}
	]
}
