{
	"version": "0.3.6", 
	"suite": "unknown_suite", 
	"function_id": 4, 
	"function_name": "BuecheRastrigin", 
	"maximization": false, 
	"algorithm": {"name": "CMAES_ModCMA", "info": "test of IOHexperimenter in python"},
	"attributes": ["evaluations", "raw_y"],
	"scenarios": [
		{"dimension": 5,
		"path": "data_f4_BuecheRastrigin/IOHprofiler_f4_DIM5.dat",
		"runs": [
			{"instance": 14, "evals": 100000, "best": {"evals": 57930, "y": 3.9901046091519334, "x": [2.2110868724306116, 3.620409371838006, 0.5332998422678726, -3.089571416229333, 1.3121371913695445]}}
		]}
	]
}
