{
	"version": "0.3.6", 
	"suite": "unknown_suite", 
	"function_id": 3, 
	"function_name": "Rastrigin", 
	"maximization": false, 
	"algorithm": {"name": "SP-CMA", "info": "test of IOHexperimenter in python"},
	"attributes": ["evaluations", "raw_y"],
	"scenarios": [
		{"dimension": 5,
		"path": "data_f3_Rastrigin/IOHprofiler_f3_DIM5.dat",
		"runs": [
			{"instance": 8, "evals": 500200, "best": {"evals": 476511, "y": 7.9031756644111, "x": [-2.6146305961084004, 0.057127636382927144, -0.1552601037132834, 2.6620506965380017, 3.3235523066529145]}}
		]}
	]
}
