{
	"version": "0.3.6", 
	"suite": "unknown_suite", 
	"function_id": 4, 
	"function_name": "BuecheRastrigin", 
	"maximization": false, 
	"algorithm": {"name": "CMAES_ModCMA", "info": "test of IOHexperimenter in python"},
	"attributes": ["evaluations", "raw_y"],
	"scenarios": [
		{"dimension": 5,
		"path": "data_f4_BuecheRastrigin/IOHprofiler_f4_DIM5.dat",
		"runs": [
			{"instance": 14, "evals": 1000000, "best": {"evals": 227307, "y": 2.993120733616239, "x": [2.2084354965227977, 2.8062576650414277, 0.5323891896493265, -3.0913751875437803, 1.3110630015947096]}}
		]}
	]
}
