{
	"version": "0.3.6", 
	"suite": "unknown_suite", 
	"function_id": 4, 
	"function_name": "BuecheRastrigin", 
	"maximization": false, 
	"algorithm": {"name": "CMAES_ModCMA", "info": "test of IOHexperimenter in python"},
	"attributes": ["evaluations", "raw_y"],
	"scenarios": [
		{"dimension": 5,
		"path": "data_f4_BuecheRastrigin/IOHprofiler_f4_DIM5.dat",
		"runs": [
			{"instance": 10, "evals": 100000, "best": {"evals": 87291, "y": 3.788240117156789, "x": [3.2506065196188985, -0.6587202476362606, 2.0539387527310393, -0.8228418439143629, 2.5495621420925736]}}
		]}
	]
}
