{
	"version": "0.3.6", 
	"suite": "unknown_suite", 
	"function_id": 3, 
	"function_name": "Rastrigin", 
	"maximization": false, 
	"algorithm": {"name": "CMAES_SB-CMA", "info": "test of IOHexperimenter in python"},
	"attributes": ["evaluations", "raw_y"],
	"scenarios": [
		{"dimension": 5,
		"path": "data_f3_Rastrigin/IOHprofiler_f3_DIM5.dat",
		"runs": [
			{"instance": 8, "evals": 20000, "best": {"evals": 777, "y": 18.93688988948405, "x": [-0.6310421790931167, -0.7678893655228766, 0.2654984554667108, 3.115476855218001, 2.9669299671974447]}}
		]}
	]
}
