{
	"version": "0.3.6", 
	"suite": "unknown_suite", 
	"function_id": 3, 
	"function_name": "Rastrigin", 
	"maximization": false, 
	"algorithm": {"name": "SP[20]-CMA", "info": "test of IOHexperimenter in python"},
	"attributes": ["evaluations", "raw_y"],
	"scenarios": [
		{"dimension": 5,
		"path": "data_f3_Rastrigin/IOHprofiler_f3_DIM5.dat",
		"runs": [
			{"instance": 12, "evals": 500200, "best": {"evals": 417251, "y": 3.024436025258185, "x": [2.5248767857042944, 3.6114290090393526, 3.2600194067150063, 0.8543723869608939, 0.9092089173095846]}}
		]}
	]
}
