{
	"version": "0.3.6", 
	"suite": "unknown_suite", 
	"function_id": 4, 
	"function_name": "BuecheRastrigin", 
	"maximization": false, 
	"algorithm": {"name": "CMAES_SB-CMA", "info": "test of IOHexperimenter in python"},
	"attributes": ["evaluations", "raw_y"],
	"scenarios": [
		{"dimension": 5,
		"path": "data_f4_BuecheRastrigin/IOHprofiler_f4_DIM5.dat",
		"runs": [
			{"instance": 11, "evals": 20000, "best": {"evals": 15057, "y": 18.41924463698743, "x": [0.4176976755486901, -0.8991455767997594, 1.427762486876549, 0.9487979118704342, 1.3560998578640806]}}
		]}
	]
}
