{
	"version": "0.3.6", 
	"suite": "unknown_suite", 
	"function_id": 4, 
	"function_name": "BuecheRastrigin", 
	"maximization": false, 
	"algorithm": {"name": "CMAES_ModCMA", "info": "test of IOHexperimenter in python"},
	"attributes": ["evaluations", "raw_y"],
	"scenarios": [
		{"dimension": 5,
		"path": "data_f4_BuecheRastrigin/IOHprofiler_f4_DIM5.dat",
		"runs": [
			{"instance": 1, "evals": 1000000, "best": {"evals": 631627, "y": 2.0804490437719902, "x": [2.338106998386109, 3.1040742138524196, 1.6272360294526291, 0.7302217833953825, 2.2962094028114035]}}
		]}
	]
}
