{
	"version": "0.3.6", 
	"suite": "unknown_suite", 
	"function_id": 3, 
	"function_name": "Rastrigin", 
	"maximization": false, 
	"algorithm": {"name": "CMAES_SB-CMA", "info": "test of IOHexperimenter in python"},
	"attributes": ["evaluations", "raw_y"],
	"scenarios": [
		{"dimension": 5,
		"path": "data_f3_Rastrigin/IOHprofiler_f3_DIM5.dat",
		"runs": [
			{"instance": 2, "evals": 500200, "best": {"evals": 340260, "y": 3.0739740848932553, "x": [2.4054288125323158, -0.0414704588449733, -1.2667724089179315, 3.7913810175089266, -2.1051390725517565]}}
		]}
	]
}
