{
	"version": "0.3.6", 
	"suite": "unknown_suite", 
	"function_id": 4, 
	"function_name": "BuecheRastrigin", 
	"maximization": false, 
	"algorithm": {"name": "SP[20]-CMA", "info": "test of IOHexperimenter in python"},
	"attributes": ["evaluations", "raw_y"],
	"scenarios": [
		{"dimension": 5,
		"path": "data_f4_BuecheRastrigin/IOHprofiler_f4_DIM5.dat",
		"runs": [
			{"instance": 2, "evals": 500200, "best": {"evals": 472348, "y": 4.603195135398188, "x": [1.4271379323087774, -0.8671671696298633, 1.2537285782012377, 3.7494631742681874, 2.171383323036263]}}
		]}
	]
}
