{
	"version": "0.3.6", 
	"suite": "unknown_suite", 
	"function_id": 4, 
	"function_name": "BuecheRastrigin", 
	"maximization": false, 
	"algorithm": {"name": "ModCMA", "info": "test of IOHexperimenter in python"},
	"attributes": ["evaluations", "raw_y"],
	"scenarios": [
		{"dimension": 5,
		"path": "data_f4_BuecheRastrigin/IOHprofiler_f4_DIM5.dat",
		"runs": [
			{"instance": 15, "evals": 1000000, "best": {"evals": 373400, "y": 3.0078758236268524, "x": [2.890520847506827, 3.1683707449598906, -0.00954728336209564, 3.7365435738839996, 1.5956379060647885]}}
		]}
	]
}
