{
	"version": "0.3.6", 
	"suite": "unknown_suite", 
	"function_id": 4, 
	"function_name": "BuecheRastrigin", 
	"maximization": false, 
	"algorithm": {"name": "ModCMA", "info": "test of IOHexperimenter in python"},
	"attributes": ["evaluations", "raw_y"],
	"scenarios": [
		{"dimension": 5,
		"path": "data_f4_BuecheRastrigin/IOHprofiler_f4_DIM5.dat",
		"runs": [
			{"instance": 13, "evals": 1000000, "best": {"evals": 795954, "y": 2.9898094926573426, "x": [2.296922150761414, -0.6334371592971281, 1.0976096646988829, 2.2985525291325857, 2.3078745293147622]}}
		]}
	]
}
