{
	"version": "0.3.6", 
	"suite": "unknown_suite", 
	"function_id": 4, 
	"function_name": "BuecheRastrigin", 
	"maximization": false, 
	"algorithm": {"name": "CMAES_SB-CMA", "info": "test of IOHexperimenter in python"},
	"attributes": ["evaluations", "raw_y"],
	"scenarios": [
		{"dimension": 5,
		"path": "data_f4_BuecheRastrigin/IOHprofiler_f4_DIM5.dat",
		"runs": [
			{"instance": 8, "evals": 500200, "best": {"evals": 92595, "y": 2.9922497536894657, "x": [0.5737786698142973, -0.005115104999934475, -0.42415094713943896, 3.1165058144384346, 2.943631035372576]}}
		]}
	]
}
