{
	"version": "0.3.6", 
	"suite": "unknown_suite", 
	"function_id": 3, 
	"function_name": "Rastrigin", 
	"maximization": false, 
	"algorithm": {"name": "ModCMA", "info": "test of IOHexperimenter in python"},
	"attributes": ["evaluations", "raw_y"],
	"scenarios": [
		{"dimension": 5,
		"path": "data_f3_Rastrigin/IOHprofiler_f3_DIM5.dat",
		"runs": [
			{"instance": 1, "evals": 1000000, "best": {"evals": 50277, "y": 0.021296478047125453, "x": [-2.3359625762563243, 2.2997202671798456, 2.2166802845023934, 0.7266368471954401, 2.301312609538778]}}
		]}
	]
}
