{
	"version": "0.3.6", 
	"suite": "unknown_suite", 
	"function_id": 3, 
	"function_name": "Rastrigin", 
	"maximization": false, 
	"algorithm": {"name": "SP[10]-CMA", "info": "test of IOHexperimenter in python"},
	"attributes": ["evaluations", "raw_y"],
	"scenarios": [
		{"dimension": 5,
		"path": "data_f3_Rastrigin/IOHprofiler_f3_DIM5.dat",
		"runs": [
			{"instance": 11, "evals": 150030, "best": {"evals": 12936, "y": 1.0031422810306423, "x": [-2.576889969580594, -3.07952265068209, -2.0893070040074835, 0.9338301643224347, 1.6769942578243415]}}
		]}
	]
}
