{
	"version": "0.3.6", 
	"suite": "unknown_suite", 
	"function_id": 4, 
	"function_name": "BuecheRastrigin", 
	"maximization": false, 
	"algorithm": {"name": "CMAES_ModCMA", "info": "test of IOHexperimenter in python"},
	"attributes": ["evaluations", "raw_y"],
	"scenarios": [
		{"dimension": 5,
		"path": "data_f4_BuecheRastrigin/IOHprofiler_f4_DIM5.dat",
		"runs": [
			{"instance": 3, "evals": 1000000, "best": {"evals": 496555, "y": 2.9855122011172783, "x": [1.1831675975602045, -0.16357263290374208, -0.35142340536740696, 3.0887451787368527, 3.604697011400286]}}
		]}
	]
}
