{
	"version": "0.3.6", 
	"suite": "unknown_suite", 
	"function_id": 4, 
	"function_name": "BuecheRastrigin", 
	"maximization": false, 
	"algorithm": {"name": "CMAES_ModCMA", "info": "test of IOHexperimenter in python"},
	"attributes": ["evaluations", "raw_y"],
	"scenarios": [
		{"dimension": 5,
		"path": "data_f4_BuecheRastrigin/IOHprofiler_f4_DIM5.dat",
		"runs": [
			{"instance": 2, "evals": 1000000, "best": {"evals": 871397, "y": 2.985870733684532, "x": [1.4026886038223267, -0.8565420772251594, 0.6754581092039487, 3.3227520508689943, 2.1537826741933177]}}
		]}
	]
}
