{
	"version": "0.3.6", 
	"suite": "unknown_suite", 
	"function_id": 3, 
	"function_name": "Rastrigin", 
	"maximization": false, 
	"algorithm": {"name": "CMAES_ModCMA", "info": "test of IOHexperimenter in python"},
	"attributes": ["evaluations", "raw_y"],
	"scenarios": [
		{"dimension": 5,
		"path": "data_f3_Rastrigin/IOHprofiler_f3_DIM5.dat",
		"runs": [
			{"instance": 15, "evals": 1000000, "best": {"evals": 217762, "y": 0.004717619400198066, "x": [-3.8887730898678203, 3.1749401346471298, 0.589389024819444, 3.736528471200432, 1.9078018296794432]}}
		]}
	]
}
