{
	"version": "0.3.6", 
	"suite": "unknown_suite", 
	"function_id": 3, 
	"function_name": "Rastrigin", 
	"maximization": false, 
	"algorithm": {"name": "CMAES_SB-CMA", "info": "test of IOHexperimenter in python"},
	"attributes": ["evaluations", "raw_y"],
	"scenarios": [
		{"dimension": 5,
		"path": "data_f3_Rastrigin/IOHprofiler_f3_DIM5.dat",
		"runs": [
			{"instance": 1, "evals": 20000, "best": {"evals": 661, "y": 41.080586612626206, "x": [-3.106133598313246, 0.8912225349667788, 2.1827677672100485, -0.2501134206147774, 1.6156673930534993]}}
		]}
	]
}
