{
	"version": "0.3.6", 
	"suite": "unknown_suite", 
	"function_id": 4, 
	"function_name": "BuecheRastrigin", 
	"maximization": false, 
	"algorithm": {"name": "CMAES_ModCMA", "info": "test of IOHexperimenter in python"},
	"attributes": ["evaluations", "raw_y"],
	"scenarios": [
		{"dimension": 5,
		"path": "data_f4_BuecheRastrigin/IOHprofiler_f4_DIM5.dat",
		"runs": [
			{"instance": 8, "evals": 1000000, "best": {"evals": 227895, "y": 2.9989945897212076, "x": [0.5755753925189828, -0.8190970862226749, -0.42419647491859297, 3.1198473221373493, 2.635586001854283]}}
		]}
	]
}
