{
	"version": "0.3.6", 
	"suite": "unknown_suite", 
	"function_id": 3, 
	"function_name": "Rastrigin", 
	"maximization": false, 
	"algorithm": {"name": "CMAES_ModCMA", "info": "test of IOHexperimenter in python"},
	"attributes": ["evaluations", "raw_y"],
	"scenarios": [
		{"dimension": 5,
		"path": "data_f3_Rastrigin/IOHprofiler_f3_DIM5.dat",
		"runs": [
			{"instance": 11, "evals": 1000000, "best": {"evals": 734736, "y": 0.1403136620605339, "x": [-2.579064355660583, -2.275152955359356, -2.075622119913984, 0.9382774191613402, 1.6745758960549113]}}
		]}
	]
}
