{
	"version": "0.3.6", 
	"suite": "unknown_suite", 
	"function_id": 4, 
	"function_name": "BuecheRastrigin", 
	"maximization": false, 
	"algorithm": {"name": "SP[20]-CMA", "info": "test of IOHexperimenter in python"},
	"attributes": ["evaluations", "raw_y"],
	"scenarios": [
		{"dimension": 5,
		"path": "data_f4_BuecheRastrigin/IOHprofiler_f4_DIM5.dat",
		"runs": [
			{"instance": 8, "evals": 500200, "best": {"evals": 308219, "y": 1.0704156807705933, "x": [1.5695758230849628, -0.8183223939709197, 0.16156785669623483, 3.118744006148278, 2.637379929264467]}}
		]}
	]
}
