{
	"version": "0.3.6", 
	"suite": "unknown_suite", 
	"function_id": 4, 
	"function_name": "BuecheRastrigin", 
	"maximization": false, 
	"algorithm": {"name": "SP[10]-CMA", "info": "test of IOHexperimenter in python"},
	"attributes": ["evaluations", "raw_y"],
	"scenarios": [
		{"dimension": 5,
		"path": "data_f4_BuecheRastrigin/IOHprofiler_f4_DIM5.dat",
		"runs": [
			{"instance": 13, "evals": 150030, "best": {"evals": 14974, "y": 3.459616034528336, "x": [3.2768573940211665, -0.6453592028138231, 1.074416813019891, 2.7468107997189786, 2.3154000403012995]}}
		]}
	]
}
