{
	"version": "0.3.6", 
	"suite": "unknown_suite", 
	"function_id": 3, 
	"function_name": "Rastrigin", 
	"maximization": false, 
	"algorithm": {"name": "CMAES_ModCMA", "info": "test of IOHexperimenter in python"},
	"attributes": ["evaluations", "raw_y"],
	"scenarios": [
		{"dimension": 5,
		"path": "data_f3_Rastrigin/IOHprofiler_f3_DIM5.dat",
		"runs": [
			{"instance": 13, "evals": 100000, "best": {"evals": 21374, "y": 0.9984164755450652, "x": [3.29562361506885, -0.6338809447170458, 1.69260061414866, 2.2981053098959783, -2.2548432337620357]}}
		]}
	]
}
