{
	"version": "0.3.6", 
	"suite": "unknown_suite", 
	"function_id": 3, 
	"function_name": "Rastrigin", 
	"maximization": false, 
	"algorithm": {"name": "SP[10]-CMA", "info": "test of IOHexperimenter in python"},
	"attributes": ["evaluations", "raw_y"],
	"scenarios": [
		{"dimension": 5,
		"path": "data_f3_Rastrigin/IOHprofiler_f3_DIM5.dat",
		"runs": [
			{"instance": 12, "evals": 150030, "best": {"evals": 25202, "y": 4.9763549265956515, "x": [3.5164006898835427, 3.6102903689001256, 2.772345767398273, 0.4447907133122977, 0.5539778208734965]}}
		]}
	]
}
