{
	"version": "0.3.6", 
	"suite": "unknown_suite", 
	"function_id": 4, 
	"function_name": "BuecheRastrigin", 
	"maximization": false, 
	"algorithm": {"name": "SP[10]-CMA", "info": "test of IOHexperimenter in python"},
	"attributes": ["evaluations", "raw_y"],
	"scenarios": [
		{"dimension": 5,
		"path": "data_f4_BuecheRastrigin/IOHprofiler_f4_DIM5.dat",
		"runs": [
			{"instance": 15, "evals": 150030, "best": {"evals": 130394, "y": 4.989101809980629, "x": [3.8853587628835293, 3.1745942780075103, -0.48980020423329607, 3.7391396841003015, 1.5973047311056472]}}
		]}
	]
}
