{
	"version": "0.3.6", 
	"suite": "unknown_suite", 
	"function_id": 3, 
	"function_name": "Rastrigin", 
	"maximization": false, 
	"algorithm": {"name": "CMAES_SB-CMA", "info": "test of IOHexperimenter in python"},
	"attributes": ["evaluations", "raw_y"],
	"scenarios": [
		{"dimension": 5,
		"path": "data_f3_Rastrigin/IOHprofiler_f3_DIM5.dat",
		"runs": [
			{"instance": 3, "evals": 20000, "best": {"evals": 26, "y": 159.33406824492766, "x": [-5.468896721684387, 1.8803142703428053, -3.1772576835700734, 3.5693487605057777, -6.2998088333064235]}}
		]}
	]
}
