{
	"version": "0.3.6", 
	"suite": "unknown_suite", 
	"function_id": 3, 
	"function_name": "Rastrigin", 
	"maximization": false, 
	"algorithm": {"name": "ModCMA", "info": "test of IOHexperimenter in python"},
	"attributes": ["evaluations", "raw_y"],
	"scenarios": [
		{"dimension": 5,
		"path": "data_f3_Rastrigin/IOHprofiler_f3_DIM5.dat",
		"runs": [
			{"instance": 4, "evals": 1000000, "best": {"evals": 307976, "y": 0.020656909603179355, "x": [3.1161523138192893, -2.3000045125754904, 1.7852501110429022, 3.909252816738249, 3.1515151270783197]}}
		]}
	]
}
