{
	"version": "0.3.6", 
	"suite": "unknown_suite", 
	"function_id": 3, 
	"function_name": "Rastrigin", 
	"maximization": false, 
	"algorithm": {"name": "CMAES_ModCMA", "info": "test of IOHexperimenter in python"},
	"attributes": ["evaluations", "raw_y"],
	"scenarios": [
		{"dimension": 5,
		"path": "data_f3_Rastrigin/IOHprofiler_f3_DIM5.dat",
		"runs": [
			{"instance": 12, "evals": 1000000, "best": {"evals": 125803, "y": 4.658212178166431e-06, "x": [3.5158874804867466, 3.6119393120264967, 3.85520998596435, 0.8519741373255767, 0.5543984408606393]}}
		]}
	]
}
