{
	"version": "0.3.6", 
	"suite": "unknown_suite", 
	"function_id": 3, 
	"function_name": "Rastrigin", 
	"maximization": false, 
	"algorithm": {"name": "SP[20]-CMA", "info": "test of IOHexperimenter in python"},
	"attributes": ["evaluations", "raw_y"],
	"scenarios": [
		{"dimension": 5,
		"path": "data_f3_Rastrigin/IOHprofiler_f3_DIM5.dat",
		"runs": [
			{"instance": 15, "evals": 500200, "best": {"evals": 351429, "y": 3.00202428352007, "x": [-3.847409471091806, 4.009302819169816, 0.0082040731626586, 3.7196085803626993, 1.920995827753014]}}
		]}
	]
}
