{
	"version": "0.3.6", 
	"suite": "unknown_suite", 
	"function_id": 4, 
	"function_name": "BuecheRastrigin", 
	"maximization": false, 
	"algorithm": {"name": "SP-CMA", "info": "test of IOHexperimenter in python"},
	"attributes": ["evaluations", "raw_y"],
	"scenarios": [
		{"dimension": 5,
		"path": "data_f4_BuecheRastrigin/IOHprofiler_f4_DIM5.dat",
		"runs": [
			{"instance": 14, "evals": 500200, "best": {"evals": 46193, "y": 2.0096028596225874, "x": [2.208959983886227, 2.7972589580188947, 1.1293316289936914, -3.087601944999281, 1.3107476595796543]}}
		]}
	]
}
