{
	"version": "0.3.6", 
	"suite": "unknown_suite", 
	"function_id": 3, 
	"function_name": "Rastrigin", 
	"maximization": false, 
	"algorithm": {"name": "CMAES_SB-CMA", "info": "test of IOHexperimenter in python"},
	"attributes": ["evaluations", "raw_y"],
	"scenarios": [
		{"dimension": 5,
		"path": "data_f3_Rastrigin/IOHprofiler_f3_DIM5.dat",
		"runs": [
			{"instance": 7, "evals": 500200, "best": {"evals": 468608, "y": 3.6615658905243245, "x": [0.7865317581155866, -1.4547161513991818, -0.6187266304216638, -0.24666475594188308, 0.7548364856067674]}}
		]}
	]
}
