{
	"version": "0.3.6", 
	"suite": "unknown_suite", 
	"function_id": 4, 
	"function_name": "BuecheRastrigin", 
	"maximization": false, 
	"algorithm": {"name": "CMAES_ModCMA", "info": "test of IOHexperimenter in python"},
	"attributes": ["evaluations", "raw_y"],
	"scenarios": [
		{"dimension": 5,
		"path": "data_f4_BuecheRastrigin/IOHprofiler_f4_DIM5.dat",
		"runs": [
			{"instance": 8, "evals": 1000000, "best": {"evals": 481358, "y": 2.0239801297127844, "x": [0.5783803811143197, -0.8144214878403723, -0.4332128393960917, 3.1178368031908072, 2.942965617331418]}}
		]}
	]
}
