{
	"version": "0.3.6", 
	"suite": "unknown_suite", 
	"function_id": 4, 
	"function_name": "BuecheRastrigin", 
	"maximization": false, 
	"algorithm": {"name": "CMAES_ModCMA", "info": "test of IOHexperimenter in python"},
	"attributes": ["evaluations", "raw_y"],
	"scenarios": [
		{"dimension": 5,
		"path": "data_f4_BuecheRastrigin/IOHprofiler_f4_DIM5.dat",
		"runs": [
			{"instance": 9, "evals": 100000, "best": {"evals": 23102, "y": 3.0094863823974265, "x": [-0.15644948619879168, 3.9174973653133494, 1.1160060944978252, 2.8771802837387845, 0.6997128022433385]}}
		]}
	]
}
