{
	"version": "0.3.6", 
	"suite": "unknown_suite", 
	"function_id": 3, 
	"function_name": "Rastrigin", 
	"maximization": false, 
	"algorithm": {"name": "CMAES_ModCMA", "info": "test of IOHexperimenter in python"},
	"attributes": ["evaluations", "raw_y"],
	"scenarios": [
		{"dimension": 5,
		"path": "data_f3_Rastrigin/IOHprofiler_f3_DIM5.dat",
		"runs": [
			{"instance": 2, "evals": 100000, "best": {"evals": 91523, "y": 1.0053859738587556, "x": [2.4012618989134458, -0.025329017604889696, -1.2741649486465685, 3.320869985178733, -2.463374909816505]}}
		]}
	]
}
