{
	"version": "0.3.6", 
	"suite": "unknown_suite", 
	"function_id": 3, 
	"function_name": "Rastrigin", 
	"maximization": false, 
	"algorithm": {"name": "CMAES_ModCMA", "info": "test of IOHexperimenter in python"},
	"attributes": ["evaluations", "raw_y"],
	"scenarios": [
		{"dimension": 5,
		"path": "data_f3_Rastrigin/IOHprofiler_f3_DIM5.dat",
		"runs": [
			{"instance": 8, "evals": 1000000, "best": {"evals": 106133, "y": 1.0034440273946803, "x": [-1.5741126913700672, 0.013955226330114298, -0.17210572478683273, 3.1193663806359035, 2.943967571748719]}}
		]}
	]
}
