{
	"version": "0.3.6", 
	"suite": "unknown_suite", 
	"function_id": 3, 
	"function_name": "Rastrigin", 
	"maximization": false, 
	"algorithm": {"name": "ModCMA", "info": "test of IOHexperimenter in python"},
	"attributes": ["evaluations", "raw_y"],
	"scenarios": [
		{"dimension": 5,
		"path": "data_f3_Rastrigin/IOHprofiler_f3_DIM5.dat",
		"runs": [
			{"instance": 13, "evals": 1000000, "best": {"evals": 614423, "y": 0.9957002595501181, "x": [3.295242713336894, 0.19500744105914655, 1.6927810410567743, 2.298305317983832, -2.6164489436110774]}}
		]}
	]
}
