{
	"version": "0.3.6", 
	"suite": "unknown_suite", 
	"function_id": 4, 
	"function_name": "BuecheRastrigin", 
	"maximization": false, 
	"algorithm": {"name": "ModCMA", "info": "test of IOHexperimenter in python"},
	"attributes": ["evaluations", "raw_y"],
	"scenarios": [
		{"dimension": 5,
		"path": "data_f4_BuecheRastrigin/IOHprofiler_f4_DIM5.dat",
		"runs": [
			{"instance": 1, "evals": 1000000, "best": {"evals": 609784, "y": 2.6733435826169654, "x": [1.3423304546238608, 2.3379671272732905, 1.6366276947845364, 0.7348466222937748, 2.291736246145105]}}
		]}
	]
}
