{
	"version": "0.3.6", 
	"suite": "unknown_suite", 
	"function_id": 4, 
	"function_name": "BuecheRastrigin", 
	"maximization": false, 
	"algorithm": {"name": "ModCMA", "info": "test of IOHexperimenter in python"},
	"attributes": ["evaluations", "raw_y"],
	"scenarios": [
		{"dimension": 5,
		"path": "data_f4_BuecheRastrigin/IOHprofiler_f4_DIM5.dat",
		"runs": [
			{"instance": 11, "evals": 1000000, "best": {"evals": 283550, "y": 2.0123704036488608, "x": [2.583021376566369, -1.453946713489389, 1.4892345022311873, 0.9323431115621076, 1.6745239976201856]}}
		]}
	]
}
