{
	"version": "0.3.6", 
	"suite": "unknown_suite", 
	"function_id": 4, 
	"function_name": "BuecheRastrigin", 
	"maximization": false, 
	"algorithm": {"name": "SP[10]-CMA", "info": "test of IOHexperimenter in python"},
	"attributes": ["evaluations", "raw_y"],
	"scenarios": [
		{"dimension": 5,
		"path": "data_f4_BuecheRastrigin/IOHprofiler_f4_DIM5.dat",
		"runs": [
			{"instance": 4, "evals": 150030, "best": {"evals": 49687, "y": 4.975989588755479, "x": [3.1199438646088398, -0.6832419961387363, 1.1866553086844358, 3.91006888558944, 3.152235477698637]}}
		]}
	]
}
