{
	"version": "0.3.6", 
	"suite": "unknown_suite", 
	"function_id": 4, 
	"function_name": "BuecheRastrigin", 
	"maximization": false, 
	"algorithm": {"name": "CMAES_ModCMA", "info": "test of IOHexperimenter in python"},
	"attributes": ["evaluations", "raw_y"],
	"scenarios": [
		{"dimension": 5,
		"path": "data_f4_BuecheRastrigin/IOHprofiler_f4_DIM5.dat",
		"runs": [
			{"instance": 5, "evals": 100000, "best": {"evals": 17767, "y": 4.022061849710973, "x": [2.7687865450797884, 2.28940368819781, 2.869485107165224, -1.9682113135619, 2.183494214823091]}}
		]}
	]
}
