{
	"version": "0.3.6", 
	"suite": "unknown_suite", 
	"function_id": 3, 
	"function_name": "Rastrigin", 
	"maximization": false, 
	"algorithm": {"name": "ModCMA", "info": "test of IOHexperimenter in python"},
	"attributes": ["evaluations", "raw_y"],
	"scenarios": [
		{"dimension": 5,
		"path": "data_f3_Rastrigin/IOHprofiler_f3_DIM5.dat",
		"runs": [
			{"instance": 14, "evals": 1000000, "best": {"evals": 906089, "y": 0.01598319632784479, "x": [3.206718280230512, 2.804857784686202, 1.131240143400908, -3.08736863489904, -1.6191476142337693]}}
		]}
	]
}
