{
	"version": "0.3.6", 
	"suite": "unknown_suite", 
	"function_id": 4, 
	"function_name": "BuecheRastrigin", 
	"maximization": false, 
	"algorithm": {"name": "CMAES_ModCMA", "info": "test of IOHexperimenter in python"},
	"attributes": ["evaluations", "raw_y"],
	"scenarios": [
		{"dimension": 5,
		"path": "data_f4_BuecheRastrigin/IOHprofiler_f4_DIM5.dat",
		"runs": [
			{"instance": 12, "evals": 1000000, "best": {"evals": 184398, "y": 2.6948452043914766, "x": [2.5053397558749553, 3.599422935669227, 3.2307985054814172, 0.8542244044379078, 0.541923719056831]}}
		]}
	]
}
