{
	"version": "0.3.6", 
	"suite": "unknown_suite", 
	"function_id": 4, 
	"function_name": "BuecheRastrigin", 
	"maximization": false, 
	"algorithm": {"name": "CMAES_ModCMA", "info": "test of IOHexperimenter in python"},
	"attributes": ["evaluations", "raw_y"],
	"scenarios": [
		{"dimension": 5,
		"path": "data_f4_BuecheRastrigin/IOHprofiler_f4_DIM5.dat",
		"runs": [
			{"instance": 15, "evals": 1000000, "best": {"evals": 910919, "y": 2.9994952153241607, "x": [2.887452836282765, 3.1726911350129385, -0.006423590594575343, 3.7381406218350213, 1.5987453893124848]}}
		]}
	]
}
