{
	"version": "0.3.6", 
	"suite": "unknown_suite", 
	"function_id": 3, 
	"function_name": "Rastrigin", 
	"maximization": false, 
	"algorithm": {"name": "CMAES_ModCMA", "info": "test of IOHexperimenter in python"},
	"attributes": ["evaluations", "raw_y"],
	"scenarios": [
		{"dimension": 5,
		"path": "data_f3_Rastrigin/IOHprofiler_f3_DIM5.dat",
		"runs": [
			{"instance": 9, "evals": 1000000, "best": {"evals": 463863, "y": 0.00020392454378532476, "x": [0.8354523868342424, 3.920681043546595, 1.7151270263168714, 2.8785213203678612, -1.0076947841125619]}}
		]}
	]
}
