{
	"version": "0.3.6", 
	"suite": "unknown_suite", 
	"function_id": 4, 
	"function_name": "BuecheRastrigin", 
	"maximization": false, 
	"algorithm": {"name": "SP-CMA", "info": "test of IOHexperimenter in python"},
	"attributes": ["evaluations", "raw_y"],
	"scenarios": [
		{"dimension": 5,
		"path": "data_f4_BuecheRastrigin/IOHprofiler_f4_DIM5.dat",
		"runs": [
			{"instance": 12, "evals": 500200, "best": {"evals": 439597, "y": 2.0189610428655644, "x": [3.516200929234199, 3.6134752681860616, 3.2586006211812757, 0.8475903617089697, 0.24382624714375947]}}
		]}
	]
}
