{
	"version": "0.3.6", 
	"suite": "unknown_suite", 
	"function_id": 4, 
	"function_name": "BuecheRastrigin", 
	"maximization": false, 
	"algorithm": {"name": "ModCMA", "info": "test of IOHexperimenter in python"},
	"attributes": ["evaluations", "raw_y"],
	"scenarios": [
		{"dimension": 5,
		"path": "data_f4_BuecheRastrigin/IOHprofiler_f4_DIM5.dat",
		"runs": [
			{"instance": 2, "evals": 1000000, "best": {"evals": 266480, "y": 3.0126780501114965, "x": [1.405355748449637, -0.8498708050478181, 0.67311495724746, 3.321199236358988, 2.1527734732725747]}}
		]}
	]
}
