{
	"version": "0.3.6", 
	"suite": "unknown_suite", 
	"function_id": 4, 
	"function_name": "BuecheRastrigin", 
	"maximization": false, 
	"algorithm": {"name": "SP-CMA", "info": "test of IOHexperimenter in python"},
	"attributes": ["evaluations", "raw_y"],
	"scenarios": [
		{"dimension": 5,
		"path": "data_f4_BuecheRastrigin/IOHprofiler_f4_DIM5.dat",
		"runs": [
			{"instance": 11, "evals": 500200, "best": {"evals": 322849, "y": 3.595116257387518, "x": [1.6127121301863903, -2.2665677652683933, 1.510050164395417, 0.5385660598720223, 1.6725499569936393]}}
		]}
	]
}
