{
	"version": "0.3.6", 
	"suite": "unknown_suite", 
	"function_id": 4, 
	"function_name": "BuecheRastrigin", 
	"maximization": false, 
	"algorithm": {"name": "ModCMA", "info": "test of IOHexperimenter in python"},
	"attributes": ["evaluations", "raw_y"],
	"scenarios": [
		{"dimension": 5,
		"path": "data_f4_BuecheRastrigin/IOHprofiler_f4_DIM5.dat",
		"runs": [
			{"instance": 14, "evals": 1000000, "best": {"evals": 604475, "y": 2.4748352609187663, "x": [3.1862093804701086, 2.8208442912224942, 0.5428177063778145, -3.0786979975307665, 1.303712236888906]}}
		]}
	]
}
