{
	"version": "0.3.6", 
	"suite": "unknown_suite", 
	"function_id": 3, 
	"function_name": "Rastrigin", 
	"maximization": false, 
	"algorithm": {"name": "SP[20]-CMA", "info": "test of IOHexperimenter in python"},
	"attributes": ["evaluations", "raw_y"],
	"scenarios": [
		{"dimension": 5,
		"path": "data_f3_Rastrigin/IOHprofiler_f3_DIM5.dat",
		"runs": [
			{"instance": 4, "evals": 500200, "best": {"evals": 459591, "y": 0.038500702414573644, "x": [3.1193005098255426, -2.3010809818360967, 1.7899752126451427, 3.9097921316992292, 3.1534079976094103]}}
		]}
	]
}
