{
	"version": "0.3.6", 
	"suite": "unknown_suite", 
	"function_id": 4, 
	"function_name": "BuecheRastrigin", 
	"maximization": false, 
	"algorithm": {"name": "ModCMA", "info": "test of IOHexperimenter in python"},
	"attributes": ["evaluations", "raw_y"],
	"scenarios": [
		{"dimension": 5,
		"path": "data_f4_BuecheRastrigin/IOHprofiler_f4_DIM5.dat",
		"runs": [
			{"instance": 2, "evals": 1000000, "best": {"evals": 749145, "y": 2.988985238940894, "x": [1.3998676996398445, -0.8570690531782482, 0.6782091004358334, 3.3237792324083926, 2.153918678978126]}}
		]}
	]
}
