{
	"version": "0.3.6", 
	"suite": "unknown_suite", 
	"function_id": 3, 
	"function_name": "Rastrigin", 
	"maximization": false, 
	"algorithm": {"name": "ModCMA", "info": "test of IOHexperimenter in python"},
	"attributes": ["evaluations", "raw_y"],
	"scenarios": [
		{"dimension": 5,
		"path": "data_f3_Rastrigin/IOHprofiler_f3_DIM5.dat",
		"runs": [
			{"instance": 3, "evals": 1000000, "best": {"evals": 599464, "y": 0.0625000814392224, "x": [-2.184908708981226, -0.9891022420995847, 0.250230468159869, 3.0937927061263975, -3.604749184608472]}}
		]}
	]
}
