{
	"version": "0.3.6", 
	"suite": "unknown_suite", 
	"function_id": 3, 
	"function_name": "Rastrigin", 
	"maximization": false, 
	"algorithm": {"name": "CMAES_ModCMA", "info": "test of IOHexperimenter in python"},
	"attributes": ["evaluations", "raw_y"],
	"scenarios": [
		{"dimension": 5,
		"path": "data_f3_Rastrigin/IOHprofiler_f3_DIM5.dat",
		"runs": [
			{"instance": 4, "evals": 1000000, "best": {"evals": 386147, "y": 0.9952650982987109, "x": [3.1192586618723714, -1.4640815559525489, 1.7833266187897039, 3.9107852608055014, 3.1529053068784627]}}
		]}
	]
}
