{
	"version": "0.3.6", 
	"suite": "unknown_suite", 
	"function_id": 4, 
	"function_name": "BuecheRastrigin", 
	"maximization": false, 
	"algorithm": {"name": "CMAES_ModCMA", "info": "test of IOHexperimenter in python"},
	"attributes": ["evaluations", "raw_y"],
	"scenarios": [
		{"dimension": 5,
		"path": "data_f4_BuecheRastrigin/IOHprofiler_f4_DIM5.dat",
		"runs": [
			{"instance": 7, "evals": 1000000, "best": {"evals": 288255, "y": 3.005120392335373, "x": [-0.7987670380020194, -2.2310608359293065, -0.5699176597572968, -0.2576757059950552, 0.44986442738415994]}}
		]}
	]
}
