{
	"version": "0.3.6", 
	"suite": "unknown_suite", 
	"function_id": 4, 
	"function_name": "BuecheRastrigin", 
	"maximization": false, 
	"algorithm": {"name": "SP[10]-CMA", "info": "test of IOHexperimenter in python"},
	"attributes": ["evaluations", "raw_y"],
	"scenarios": [
		{"dimension": 5,
		"path": "data_f4_BuecheRastrigin/IOHprofiler_f4_DIM5.dat",
		"runs": [
			{"instance": 2, "evals": 150030, "best": {"evals": 47392, "y": 1.9986910232792763, "x": [1.404578539261443, -0.8535905576204219, 1.2705674211135287, 3.3220191060610964, 2.153523130657639]}}
		]}
	]
}
