{
	"version": "0.3.6", 
	"suite": "unknown_suite", 
	"function_id": 4, 
	"function_name": "BuecheRastrigin", 
	"maximization": false, 
	"algorithm": {"name": "ModCMA", "info": "test of IOHexperimenter in python"},
	"attributes": ["evaluations", "raw_y"],
	"scenarios": [
		{"dimension": 5,
		"path": "data_f4_BuecheRastrigin/IOHprofiler_f4_DIM5.dat",
		"runs": [
			{"instance": 10, "evals": 1000000, "best": {"evals": 49963, "y": 2.9857281965217743, "x": [2.255381951412884, -1.4570824638691091, 2.0995199995428067, -0.8257540990629725, 2.5531542569272436]}}
		]}
	]
}
