{
	"version": "0.3.6", 
	"suite": "unknown_suite", 
	"function_id": 3, 
	"function_name": "Rastrigin", 
	"maximization": false, 
	"algorithm": {"name": "ModCMA", "info": "test of IOHexperimenter in python"},
	"attributes": ["evaluations", "raw_y"],
	"scenarios": [
		{"dimension": 5,
		"path": "data_f3_Rastrigin/IOHprofiler_f3_DIM5.dat",
		"runs": [
			{"instance": 13, "evals": 1000000, "best": {"evals": 188599, "y": 0.07561336320368486, "x": [3.287077039419519, -0.6269711707117104, 1.693551523842761, 2.2999163082225493, -2.6125383097395343]}}
		]}
	]
}
