{
	"version": "0.3.6", 
	"suite": "unknown_suite", 
	"function_id": 4, 
	"function_name": "BuecheRastrigin", 
	"maximization": false, 
	"algorithm": {"name": "SP[10]-CMA", "info": "test of IOHexperimenter in python"},
	"attributes": ["evaluations", "raw_y"],
	"scenarios": [
		{"dimension": 5,
		"path": "data_f4_BuecheRastrigin/IOHprofiler_f4_DIM5.dat",
		"runs": [
			{"instance": 7, "evals": 150030, "best": {"evals": 149794, "y": 6.872060194527231, "x": [-1.7675008549737858, -2.198913966676127, -0.5891920156770861, -0.68561088811016, 0.7552498059866741]}}
		]}
	]
}
