{
	"version": "0.3.6", 
	"suite": "unknown_suite", 
	"function_id": 3, 
	"function_name": "Rastrigin", 
	"maximization": false, 
	"algorithm": {"name": "SP[20]-CMA", "info": "test of IOHexperimenter in python"},
	"attributes": ["evaluations", "raw_y"],
	"scenarios": [
		{"dimension": 5,
		"path": "data_f3_Rastrigin/IOHprofiler_f3_DIM5.dat",
		"runs": [
			{"instance": 7, "evals": 500200, "best": {"evals": 56289, "y": 2.2444082907852243, "x": [-0.1873789670209225, -3.0470427525951096, -0.008549568162466478, -0.2530209266620173, 0.45334870040540237]}}
		]}
	]
}
