,method,dim,time,n_gen,n_evals,n_updates
0,COVARIANCE,2,0.007711483049206436,1000,6000,999
1,COVARIANCE,2,0.00787417299579829,1000,6000,999
2,COVARIANCE,2,0.013588677044026554,1000,6000,999
3,COVARIANCE,2,0.010022761998698115,1000,6000,999
4,COVARIANCE,2,0.007961716037243605,1000,6000,999
5,COVARIANCE,2,0.008022750029340386,1000,6000,999
6,COVARIANCE,2,0.007618403993546963,1000,6000,999
7,COVARIANCE,2,0.008018087013624609,1000,6000,999
8,COVARIANCE,2,0.009280618978664279,1000,6000,999
9,COVARIANCE,2,0.009731311001814902,1000,6000,999
10,COVARIANCE,2,0.009726746007800102,1000,6000,999
11,COVARIANCE,2,0.008087928988970816,1000,6000,999
12,COVARIANCE,2,0.012237735092639923,1000,6000,999
13,COVARIANCE,2,0.01036987395491451,1000,6000,999
14,COVARIANCE,2,0.008932383032515645,1000,6000,999
15,NONE,2,0.010580296977423131,1000,6000,0
16,NONE,2,0.007887015002779663,1000,6000,0
17,NONE,2,0.008834864012897015,1000,6000,0
18,NONE,2,0.010412635980173945,1000,6000,0
19,NONE,2,0.008776562986895442,1000,6000,0
20,NONE,2,0.010758780990727246,1000,6000,0
21,NONE,2,0.007803539978340268,1000,6000,0
22,NONE,2,0.007634338922798634,1000,6000,0
23,NONE,2,0.009719033958390355,1000,6000,0
24,NONE,2,0.007997791981324553,1000,6000,0
25,NONE,2,0.006933605065569282,1000,6000,0
26,NONE,2,0.007629985921084881,1000,6000,0
27,NONE,2,0.006967267952859402,1000,6000,0
28,NONE,2,0.006994739058427513,1000,6000,0
29,NONE,2,0.007267759996466339,1000,6000,0
30,MATRIX,2,0.0075609220657497644,1000,6000,1000
31,MATRIX,2,0.007714873994700611,1000,6000,1000
32,MATRIX,2,0.010331543046049774,1000,6000,1000
33,MATRIX,2,0.008045815979130566,1000,6000,1000
34,MATRIX,2,0.008376204990781844,1000,6000,1000
35,MATRIX,2,0.006995436968281865,1000,6000,1000
36,MATRIX,2,0.007368327002041042,1000,6000,1000
37,MATRIX,2,0.007643015938811004,1000,6000,1000
38,MATRIX,2,0.009196370025165379,1000,6000,1000
39,MATRIX,2,0.006918389932252467,1000,6000,1000
40,MATRIX,2,0.00840214907657355,1000,6000,1000
41,MATRIX,2,0.007531062001362443,1000,6000,1000
42,MATRIX,2,0.011182026006281376,1000,6000,1000
43,MATRIX,2,0.009086668957024813,1000,6000,1000
44,MATRIX,2,0.008180306991562247,1000,6000,1000
45,SEPERABLE,2,0.0072456750785931945,1000,6000,1000
46,SEPERABLE,2,0.008176972041837871,1000,6000,1000
47,SEPERABLE,2,0.007220792002044618,1000,6000,1000
48,SEPERABLE,2,0.007796501973643899,1000,6000,1000
49,SEPERABLE,2,0.0073612709529697895,1000,6000,1000
50,SEPERABLE,2,0.007403416093438864,1000,6000,1000
51,SEPERABLE,2,0.00818293308839202,1000,6000,1000
52,SEPERABLE,2,0.007085719029419124,1000,6000,1000
53,SEPERABLE,2,0.011805569985881448,1000,6000,1000
54,SEPERABLE,2,0.010588491102680564,1000,6000,1000
55,SEPERABLE,2,0.007113746949471533,1000,6000,1000
56,SEPERABLE,2,0.009632104076445103,1000,6000,1000
57,SEPERABLE,2,0.010887198965065181,1000,6000,1000
58,SEPERABLE,2,0.007644123979844153,1000,6000,1000
59,SEPERABLE,2,0.0088468809844926,1000,6000,1000
60,CHOLESKY,2,0.00727443490177393,1000,6000,1000
61,CHOLESKY,2,0.010283801006153226,1000,6000,1000
62,CHOLESKY,2,0.0074679270619526505,1000,6000,1000
63,CHOLESKY,2,0.00752234598621726,1000,6000,1000
64,CHOLESKY,2,0.008975239004939795,1000,6000,1000
65,CHOLESKY,2,0.01246929494664073,1000,6000,1000
66,CHOLESKY,2,0.009200508939102292,1000,6000,1000
67,CHOLESKY,2,0.009669609018601477,1000,6000,1000
68,CHOLESKY,2,0.009414260042831302,1000,6000,1000
69,CHOLESKY,2,0.008480035001412034,1000,6000,1000
70,CHOLESKY,2,0.008125439984723926,1000,6000,1000
71,CHOLESKY,2,0.007196316961199045,1000,6000,1000
72,CHOLESKY,2,0.007346509024500847,1000,6000,1000
73,CHOLESKY,2,0.00735829200129956,1000,6000,1000
74,CHOLESKY,2,0.00821810495108366,1000,6000,1000
75,CMSA,2,0.008155530085787177,1000,6000,1000
76,CMSA,2,0.009733907994814217,1000,6000,1000
77,CMSA,2,0.007828367059119046,1000,6000,1000
78,CMSA,2,0.00928627303801477,1000,6000,1000
79,CMSA,2,0.008640426094643772,1000,6000,1000
80,CMSA,2,0.009348203078843653,1000,6000,1000
81,CMSA,2,0.010446653002873063,1000,6000,1000
82,CMSA,2,0.007562728016637266,1000,6000,1000
83,CMSA,2,0.008062280947342515,1000,6000,1000
84,CMSA,2,0.007502082968130708,1000,6000,1000
85,CMSA,2,0.009941514930687845,1000,6000,1000
86,CMSA,2,0.007420271052978933,1000,6000,1000
87,CMSA,2,0.007882133009843528,1000,6000,1000
88,CMSA,2,0.007252500974573195,1000,6000,1000
89,CMSA,2,0.007672390900552273,1000,6000,1000
90,NATURAL_GRADIENT,2,0.008121661026962101,1000,6000,1000
91,NATURAL_GRADIENT,2,0.008391448995098472,1000,6000,1000
92,NATURAL_GRADIENT,2,0.008983712992630899,1000,6000,1000
93,NATURAL_GRADIENT,2,0.00892684399150312,1000,6000,1000
94,NATURAL_GRADIENT,2,0.007959551992826164,1000,6000,1000
95,NATURAL_GRADIENT,2,0.007619902025908232,1000,6000,1000
96,NATURAL_GRADIENT,2,0.007938891998492181,1000,6000,1000
97,NATURAL_GRADIENT,2,0.0077221960527822375,1000,6000,1000
98,NATURAL_GRADIENT,2,0.007947947015054524,1000,6000,1000
99,NATURAL_GRADIENT,2,0.007548750028945506,1000,6000,1000
100,NATURAL_GRADIENT,2,0.009637824026867747,1000,6000,1000
101,NATURAL_GRADIENT,2,0.01032421796116978,1000,6000,1000
102,NATURAL_GRADIENT,2,0.007606999948620796,1000,6000,1000
103,NATURAL_GRADIENT,2,0.00865573703777045,1000,6000,1000
104,NATURAL_GRADIENT,2,0.00781076296698302,1000,6000,1000
105,COVARIANCE,3,0.010046639945358038,1000,7000,999
106,COVARIANCE,3,0.011035675997845829,1000,7000,999
107,COVARIANCE,3,0.010219599935226142,1000,7000,999
108,COVARIANCE,3,0.010837925015948713,1000,7000,999
109,COVARIANCE,3,0.010280134971253574,1000,7000,999
110,COVARIANCE,3,0.01126328599639237,1000,7000,999
111,COVARIANCE,3,0.011321696918457747,1000,7000,999
112,COVARIANCE,3,0.010646464070305228,1000,7000,999
113,COVARIANCE,3,0.010173275019042194,1000,7000,999
114,COVARIANCE,3,0.013086330029182136,1000,7000,999
115,COVARIANCE,3,0.012327173026278615,1000,7000,999
116,COVARIANCE,3,0.013249940937384963,1000,7000,999
117,COVARIANCE,3,0.010314155020751059,1000,7000,999
118,COVARIANCE,3,0.010522597935050726,1000,7000,999
119,COVARIANCE,3,0.012646899907849729,1000,7000,999
120,NONE,3,0.009607258951291442,1000,7000,0
121,NONE,3,0.009807296912185848,1000,7000,0
122,NONE,3,0.009652474895119667,1000,7000,0
123,NONE,3,0.009476409992203116,1000,7000,0
124,NONE,3,0.009506572037935257,1000,7000,0
125,NONE,3,0.008545586955733597,1000,7000,0
126,NONE,3,0.009733253973536193,1000,7000,0
127,NONE,3,0.008835495915263891,1000,7000,0
128,NONE,3,0.010168058914132416,1000,7000,0
129,NONE,3,0.009375900961458683,1000,7000,0
130,NONE,3,0.0086107871029526,1000,7000,0
131,NONE,3,0.009014472016133368,1000,7000,0
132,NONE,3,0.008834633976221085,1000,7000,0
133,NONE,3,0.012071282020770013,1000,7000,0
134,NONE,3,0.010382476029917598,1000,7000,0
135,MATRIX,3,0.008779859053902328,1000,7000,1000
136,MATRIX,3,0.009545984910801053,1000,7000,1000
137,MATRIX,3,0.009312444948591292,1000,7000,1000
138,MATRIX,3,0.00931821996346116,1000,7000,1000
139,MATRIX,3,0.009419593960046768,1000,7000,1000
140,MATRIX,3,0.009502683999016881,1000,7000,1000
141,MATRIX,3,0.01403449010103941,1000,7000,1000
142,MATRIX,3,0.0128990039229393,1000,7000,1000
143,MATRIX,3,0.009880561963655055,1000,7000,1000
144,MATRIX,3,0.009139794972725213,1000,7000,1000
145,MATRIX,3,0.008999750949442387,1000,7000,1000
146,MATRIX,3,0.008996311924420297,1000,7000,1000
147,MATRIX,3,0.009328008978627622,1000,7000,1000
148,MATRIX,3,0.009267273941077292,1000,7000,1000
149,MATRIX,3,0.009884173981845379,1000,7000,1000
150,SEPERABLE,3,0.008579405024647713,1000,7000,1000
151,SEPERABLE,3,0.009980604983866215,1000,7000,1000
152,SEPERABLE,3,0.011705138953402638,1000,7000,1000
153,SEPERABLE,3,0.009154070052318275,1000,7000,1000
154,SEPERABLE,3,0.009997481014579535,1000,7000,1000
155,SEPERABLE,3,0.009055254980921745,1000,7000,1000
156,SEPERABLE,3,0.010453882976435125,1000,7000,1000
157,SEPERABLE,3,0.00936168001499027,1000,7000,1000
158,SEPERABLE,3,0.008752838941290975,1000,7000,1000
159,SEPERABLE,3,0.009137884946539998,1000,7000,1000
160,SEPERABLE,3,0.008925743051804602,1000,7000,1000
161,SEPERABLE,3,0.009549979004077613,1000,7000,1000
162,SEPERABLE,3,0.010041241999715567,1000,7000,1000
163,SEPERABLE,3,0.009685758035629988,1000,7000,1000
164,SEPERABLE,3,0.013026652974076569,1000,7000,1000
165,CHOLESKY,3,0.01264843507669866,1000,7000,1000
166,CHOLESKY,3,0.009933545952662826,1000,7000,1000
167,CHOLESKY,3,0.010719186975620687,1000,7000,1000
168,CHOLESKY,3,0.00945397699251771,1000,7000,1000
169,CHOLESKY,3,0.009866437991149724,1000,7000,1000
170,CHOLESKY,3,0.00989635894075036,1000,7000,1000
171,CHOLESKY,3,0.009768080897629261,1000,7000,1000
172,CHOLESKY,3,0.012657254002988338,1000,7000,1000
173,CHOLESKY,3,0.011553079937584698,1000,7000,1000
174,CHOLESKY,3,0.009100523893721402,1000,7000,1000
175,CHOLESKY,3,0.011938906041905284,1000,7000,1000
176,CHOLESKY,3,0.010714069940149784,1000,7000,1000
177,CHOLESKY,3,0.009884115075692534,1000,7000,1000
178,CHOLESKY,3,0.011362285003997386,1000,7000,1000
179,CHOLESKY,3,0.009531333926133811,1000,7000,1000
180,CMSA,3,0.00925858598202467,1000,7000,1000
181,CMSA,3,0.010860243928618729,1000,7000,1000
182,CMSA,3,0.009655373054556549,1000,7000,1000
183,CMSA,3,0.009173939004540443,1000,7000,1000
184,CMSA,3,0.012301420094445348,1000,7000,1000
185,CMSA,3,0.010564399999566376,1000,7000,1000
186,CMSA,3,0.01014744199346751,1000,7000,1000
187,CMSA,3,0.01130485103931278,1000,7000,1000
188,CMSA,3,0.011262962012551725,1000,7000,1000
189,CMSA,3,0.010586802032776177,1000,7000,1000
190,CMSA,3,0.010575794032774866,1000,7000,1000
191,CMSA,3,0.010831770021468401,1000,7000,1000
192,CMSA,3,0.011182085028849542,1000,7000,1000
193,CMSA,3,0.010396020021289587,1000,7000,1000
194,CMSA,3,0.009606118081137538,1000,7000,1000
195,NATURAL_GRADIENT,3,0.01098856795579195,1000,7000,1000
196,NATURAL_GRADIENT,3,0.01330451702233404,1000,7000,1000
197,NATURAL_GRADIENT,3,0.012580309994518757,1000,7000,1000
198,NATURAL_GRADIENT,3,0.01008232100866735,1000,7000,1000
199,NATURAL_GRADIENT,3,0.010378943057730794,1000,7000,1000
200,NATURAL_GRADIENT,3,0.01072270201984793,1000,7000,1000
201,NATURAL_GRADIENT,3,0.009555344004184008,1000,7000,1000
202,NATURAL_GRADIENT,3,0.010915928054600954,1000,7000,1000
203,NATURAL_GRADIENT,3,0.013145414995960891,1000,7000,1000
204,NATURAL_GRADIENT,3,0.011716301087290049,1000,7000,1000
205,NATURAL_GRADIENT,3,0.012564397999085486,1000,7000,1000
206,NATURAL_GRADIENT,3,0.010176997049711645,1000,7000,1000
207,NATURAL_GRADIENT,3,0.015080782934091985,1000,7000,1000
208,NATURAL_GRADIENT,3,0.011131394072435796,1000,7000,1000
209,NATURAL_GRADIENT,3,0.011149314930662513,1000,7000,1000
210,COVARIANCE,5,0.015520391054451466,1000,8000,999
211,COVARIANCE,5,0.015948273008689284,1000,8000,999
212,COVARIANCE,5,0.01825975498650223,1000,8000,999
213,COVARIANCE,5,0.017051726928912103,1000,8000,999
214,COVARIANCE,5,0.014974416000768542,1000,8000,999
215,COVARIANCE,5,0.01724672899581492,1000,8000,999
216,COVARIANCE,5,0.015692647895775735,1000,8000,999
217,COVARIANCE,5,0.01526833395473659,1000,8000,999
218,COVARIANCE,5,0.016084213042631745,1000,8000,999
219,COVARIANCE,5,0.01938209601212293,1000,8000,999
220,COVARIANCE,5,0.015014115022495389,1000,8000,999
221,COVARIANCE,5,0.016379193984903395,1000,8000,999
222,COVARIANCE,5,0.015464963973499835,1000,8000,999
223,COVARIANCE,5,0.015433348016813397,1000,8000,999
224,COVARIANCE,5,0.015527136973105371,1000,8000,999
225,NONE,5,0.013214766047894955,1000,8000,0
226,NONE,5,0.015009810915216804,1000,8000,0
227,NONE,5,0.013874726020731032,1000,8000,0
228,NONE,5,0.011615141993388534,1000,8000,0
229,NONE,5,0.012898415909148753,1000,8000,0
230,NONE,5,0.012579652015119791,1000,8000,0
231,NONE,5,0.012674393015913665,1000,8000,0
232,NONE,5,0.012113644042983651,1000,8000,0
233,NONE,5,0.011918097035959363,1000,8000,0
234,NONE,5,0.012093445984646678,1000,8000,0
235,NONE,5,0.012156452052295208,1000,8000,0
236,NONE,5,0.014123225002549589,1000,8000,0
237,NONE,5,0.012426751898601651,1000,8000,0
238,NONE,5,0.01409814995713532,1000,8000,0
239,NONE,5,0.013103228993713856,1000,8000,0
240,MATRIX,5,0.013291540089994669,1000,8000,1000
241,MATRIX,5,0.013809764990583062,1000,8000,1000
242,MATRIX,5,0.012993307085707784,1000,8000,1000
243,MATRIX,5,0.013661809032782912,1000,8000,1000
244,MATRIX,5,0.013389872969128191,1000,8000,1000
245,MATRIX,5,0.012983935070224106,1000,8000,1000
246,MATRIX,5,0.012694712961092591,1000,8000,1000
247,MATRIX,5,0.012891435995697975,1000,8000,1000
248,MATRIX,5,0.013133725035004318,1000,8000,1000
249,MATRIX,5,0.013477892032824457,1000,8000,1000
250,MATRIX,5,0.013313684961758554,1000,8000,1000
251,MATRIX,5,0.014374586986377835,1000,8000,1000
252,MATRIX,5,0.013057979056611657,1000,8000,1000
253,MATRIX,5,0.013095406000502408,1000,8000,1000
254,MATRIX,5,0.01631439500488341,1000,8000,1000
255,SEPERABLE,5,0.01526596606709063,1000,8000,1000
256,SEPERABLE,5,0.015072238049469888,1000,8000,1000
257,SEPERABLE,5,0.015444700024090707,1000,8000,1000
258,SEPERABLE,5,0.013122479082085192,1000,8000,1000
259,SEPERABLE,5,0.012719676014967263,1000,8000,1000
260,SEPERABLE,5,0.011602474958635867,1000,8000,1000
261,SEPERABLE,5,0.011718580964952707,1000,8000,1000
262,SEPERABLE,5,0.012862669886089861,1000,8000,1000
263,SEPERABLE,5,0.012612455990165472,1000,8000,1000
264,SEPERABLE,5,0.012309227022342384,1000,8000,1000
265,SEPERABLE,5,0.012458633980713785,1000,8000,1000
266,SEPERABLE,5,0.012890069978311658,1000,8000,1000
267,SEPERABLE,5,0.015189129975624382,1000,8000,1000
268,SEPERABLE,5,0.016673500067554414,1000,8000,1000
269,SEPERABLE,5,0.01749087404459715,1000,8000,1000
270,CHOLESKY,5,0.01591278100386262,1000,8000,1000
271,CHOLESKY,5,0.013935594004578888,1000,8000,1000
272,CHOLESKY,5,0.015243762987665832,1000,8000,1000
273,CHOLESKY,5,0.014468909008428454,1000,8000,1000
274,CHOLESKY,5,0.01765754201915115,1000,8000,1000
275,CHOLESKY,5,0.020126167102716863,1000,8000,1000
276,CHOLESKY,5,0.0136478659696877,1000,8000,1000
277,CHOLESKY,5,0.013343982980586588,1000,8000,1000
278,CHOLESKY,5,0.013175180065445602,1000,8000,1000
279,CHOLESKY,5,0.014289708924479783,1000,8000,1000
280,CHOLESKY,5,0.013196449028328061,1000,8000,1000
281,CHOLESKY,5,0.015757610090076923,1000,8000,1000
282,CHOLESKY,5,0.01886829803697765,1000,8000,1000
283,CHOLESKY,5,0.0129279870307073,1000,8000,1000
284,CHOLESKY,5,0.013196915038861334,1000,8000,1000
285,CMSA,5,0.013583144987933338,1000,8000,1000
286,CMSA,5,0.012786183971911669,1000,8000,1000
287,CMSA,5,0.012807710096240044,1000,8000,1000
288,CMSA,5,0.012978086015209556,1000,8000,1000
289,CMSA,5,0.013025904074311256,1000,8000,1000
290,CMSA,5,0.016044765012338758,1000,8000,1000
291,CMSA,5,0.017614355077967048,1000,8000,1000
292,CMSA,5,0.01355104404501617,1000,8000,1000
293,CMSA,5,0.012836926034651697,1000,8000,1000
294,CMSA,5,0.01458206307142973,1000,8000,1000
295,CMSA,5,0.013406955054961145,1000,8000,1000
296,CMSA,5,0.012871264945715666,1000,8000,1000
297,CMSA,5,0.012683688895776868,1000,8000,1000
298,CMSA,5,0.013586043962277472,1000,8000,1000
299,CMSA,5,0.013987243990413845,1000,8000,1000
300,NATURAL_GRADIENT,5,0.0142219930421561,1000,8000,1000
301,NATURAL_GRADIENT,5,0.013994620996527374,1000,8000,1000
302,NATURAL_GRADIENT,5,0.013727606041356921,1000,8000,1000
303,NATURAL_GRADIENT,5,0.013687250087969005,1000,8000,1000
304,NATURAL_GRADIENT,5,0.013794710976071656,1000,8000,1000
305,NATURAL_GRADIENT,5,0.014601532951928675,1000,8000,1000
306,NATURAL_GRADIENT,5,0.013539204024709761,1000,8000,1000
307,NATURAL_GRADIENT,5,0.015167184988968074,1000,8000,1000
308,NATURAL_GRADIENT,5,0.015508531010709703,1000,8000,1000
309,NATURAL_GRADIENT,5,0.014381531975232065,1000,8000,1000
310,NATURAL_GRADIENT,5,0.013700257055461407,1000,8000,1000
311,NATURAL_GRADIENT,5,0.015230489079840481,1000,8000,1000
312,NATURAL_GRADIENT,5,0.013924597995355725,1000,8000,1000
313,NATURAL_GRADIENT,5,0.014006470912136137,1000,8000,1000
314,NATURAL_GRADIENT,5,0.015192433027550578,1000,8000,1000
315,COVARIANCE,10,0.02646021405234933,1000,10000,999
316,COVARIANCE,10,0.026506139081902802,1000,10000,999
317,COVARIANCE,10,0.030570200993679464,1000,10000,999
318,COVARIANCE,10,0.026031696004793048,1000,10000,999
319,COVARIANCE,10,0.026587684988044202,1000,10000,999
320,COVARIANCE,10,0.02581032703164965,1000,10000,999
321,COVARIANCE,10,0.025931526091881096,1000,10000,999
322,COVARIANCE,10,0.026071295025758445,1000,10000,999
323,COVARIANCE,10,0.026979148969985545,1000,10000,999
324,COVARIANCE,10,0.026608676998876035,1000,10000,999
325,COVARIANCE,10,0.027280688984319568,1000,10000,999
326,COVARIANCE,10,0.032865333021618426,1000,10000,999
327,COVARIANCE,10,0.033210864989086986,1000,10000,999
328,COVARIANCE,10,0.026148759061470628,1000,10000,999
329,COVARIANCE,10,0.02644397597759962,1000,10000,999
330,NONE,10,0.026142479036934674,1000,10000,0
331,NONE,10,0.023312255972996354,1000,10000,0
332,NONE,10,0.02153112494852394,1000,10000,0
333,NONE,10,0.019915197044610977,1000,10000,0
334,NONE,10,0.020787537097930908,1000,10000,0
335,NONE,10,0.020500303944572806,1000,10000,0
336,NONE,10,0.020010669948533177,1000,10000,0
337,NONE,10,0.020207438967190683,1000,10000,0
338,NONE,10,0.020409882999956608,1000,10000,0
339,NONE,10,0.020347998943179846,1000,10000,0
340,NONE,10,0.02004936500452459,1000,10000,0
341,NONE,10,0.020324033917859197,1000,10000,0
342,NONE,10,0.020778672071173787,1000,10000,0
343,NONE,10,0.020338958012871444,1000,10000,0
344,NONE,10,0.02035613590851426,1000,10000,0
345,MATRIX,10,0.021689401008188725,1000,10000,1000
346,MATRIX,10,0.023073321906849742,1000,10000,1000
347,MATRIX,10,0.02183206705376506,1000,10000,1000
348,MATRIX,10,0.02124449994880706,1000,10000,1000
349,MATRIX,10,0.021016963990405202,1000,10000,1000
350,MATRIX,10,0.021939269034191966,1000,10000,1000
351,MATRIX,10,0.02105342596769333,1000,10000,1000
352,MATRIX,10,0.021470330888405442,1000,10000,1000
353,MATRIX,10,0.02149055793415755,1000,10000,1000
354,MATRIX,10,0.022337739006616175,1000,10000,1000
355,MATRIX,10,0.0218155849725008,1000,10000,1000
356,MATRIX,10,0.02140188799239695,1000,10000,1000
357,MATRIX,10,0.021726403036154807,1000,10000,1000
358,MATRIX,10,0.021874411962926388,1000,10000,1000
359,MATRIX,10,0.021406320040114224,1000,10000,1000
360,SEPERABLE,10,0.02098678902257234,1000,10000,1000
361,SEPERABLE,10,0.021709173917770386,1000,10000,1000
362,SEPERABLE,10,0.020785389002412558,1000,10000,1000
363,SEPERABLE,10,0.022332094027660787,1000,10000,1000
364,SEPERABLE,10,0.02077528601512313,1000,10000,1000
365,SEPERABLE,10,0.022091167978942394,1000,10000,1000
366,SEPERABLE,10,0.022214886965230107,1000,10000,1000
367,SEPERABLE,10,0.021911683026701212,1000,10000,1000
368,SEPERABLE,10,0.020935315056703985,1000,10000,1000
369,SEPERABLE,10,0.021145976963452995,1000,10000,1000
370,SEPERABLE,10,0.022041255957446992,1000,10000,1000
371,SEPERABLE,10,0.02210756402928382,1000,10000,1000
372,SEPERABLE,10,0.02128604508470744,1000,10000,1000
373,SEPERABLE,10,0.02190954692196101,1000,10000,1000
374,SEPERABLE,10,0.0227263419656083,1000,10000,1000
375,CHOLESKY,10,0.023270328994840384,1000,10000,1000
376,CHOLESKY,10,0.028422462986782193,1000,10000,1000
377,CHOLESKY,10,0.02374368906021118,1000,10000,1000
378,CHOLESKY,10,0.024753985926508904,1000,10000,1000
379,CHOLESKY,10,0.024000969948247075,1000,10000,1000
380,CHOLESKY,10,0.02398382592946291,1000,10000,1000
381,CHOLESKY,10,0.024152382044121623,1000,10000,1000
382,CHOLESKY,10,0.023522427072748542,1000,10000,1000
383,CHOLESKY,10,0.023312310106121004,1000,10000,1000
384,CHOLESKY,10,0.025083123007789254,1000,10000,1000
385,CHOLESKY,10,0.023060551029630005,1000,10000,1000
386,CHOLESKY,10,0.025752169080078602,1000,10000,1000
387,CHOLESKY,10,0.02398148097563535,1000,10000,1000
388,CHOLESKY,10,0.023427941952832043,1000,10000,1000
389,CHOLESKY,10,0.022713371086865664,1000,10000,1000
390,CMSA,10,0.02360872400458902,1000,10000,1000
391,CMSA,10,0.02305560407694429,1000,10000,1000
392,CMSA,10,0.022069173981435597,1000,10000,1000
393,CMSA,10,0.02198529802262783,1000,10000,1000
394,CMSA,10,0.02299428207334131,1000,10000,1000
395,CMSA,10,0.022192512056790292,1000,10000,1000
396,CMSA,10,0.023659919039346278,1000,10000,1000
397,CMSA,10,0.021884319023229182,1000,10000,1000
398,CMSA,10,0.022995195002295077,1000,10000,1000
399,CMSA,10,0.022320396965369582,1000,10000,1000
400,CMSA,10,0.022681621951051056,1000,10000,1000
401,CMSA,10,0.024453732999973,1000,10000,1000
402,CMSA,10,0.024230816983617842,1000,10000,1000
403,CMSA,10,0.022984078037552536,1000,10000,1000
404,CMSA,10,0.025092235067859292,1000,10000,1000
405,NATURAL_GRADIENT,10,0.026609597960487008,1000,10000,1000
406,NATURAL_GRADIENT,10,0.024411317077465355,1000,10000,1000
407,NATURAL_GRADIENT,10,0.025311942910775542,1000,10000,1000
408,NATURAL_GRADIENT,10,0.02531970595009625,1000,10000,1000
409,NATURAL_GRADIENT,10,0.023980543948709965,1000,10000,1000
410,NATURAL_GRADIENT,10,0.02638119296170771,1000,10000,1000
411,NATURAL_GRADIENT,10,0.024598201038315892,1000,10000,1000
412,NATURAL_GRADIENT,10,0.02702373603824526,1000,10000,1000
413,NATURAL_GRADIENT,10,0.03637300501577556,1000,10000,1000
414,NATURAL_GRADIENT,10,0.026139874942600727,1000,10000,1000
415,NATURAL_GRADIENT,10,0.026732825092040002,1000,10000,1000
416,NATURAL_GRADIENT,10,0.025479499017819762,1000,10000,1000
417,NATURAL_GRADIENT,10,0.024942960939370096,1000,10000,1000
418,NATURAL_GRADIENT,10,0.024945261073298752,1000,10000,1000
419,NATURAL_GRADIENT,10,0.024341779062524438,1000,10000,1000
420,COVARIANCE,20,0.05663040897343308,1000,12000,999
421,COVARIANCE,20,0.05804439401254058,1000,12000,999
422,COVARIANCE,20,0.05684079404454678,1000,12000,999
423,COVARIANCE,20,0.05779927491676062,1000,12000,999
424,COVARIANCE,20,0.05688915599603206,1000,12000,999
425,COVARIANCE,20,0.05635134701151401,1000,12000,999
426,COVARIANCE,20,0.06009372603148222,1000,12000,999
427,COVARIANCE,20,0.0575709919212386,1000,12000,999
428,COVARIANCE,20,0.05634799099061638,1000,12000,999
429,COVARIANCE,20,0.06416844693012536,1000,12000,999
430,COVARIANCE,20,0.06445557496044785,1000,12000,999
431,COVARIANCE,20,0.058972291997633874,1000,12000,999
432,COVARIANCE,20,0.06199114699847996,1000,12000,999
433,COVARIANCE,20,0.060354843037202954,1000,12000,999
434,COVARIANCE,20,0.05763062590267509,1000,12000,999
435,NONE,20,0.041186148999258876,1000,12000,0
436,NONE,20,0.04323339695110917,1000,12000,0
437,NONE,20,0.04448738298378885,1000,12000,0
438,NONE,20,0.04221319290809333,1000,12000,0
439,NONE,20,0.046186724095605314,1000,12000,0
440,NONE,20,0.04411709192208946,1000,12000,0
441,NONE,20,0.048592316918075085,1000,12000,0
442,NONE,20,0.04211354104336351,1000,12000,0
443,NONE,20,0.0421360390027985,1000,12000,0
444,NONE,20,0.04283862700685859,1000,12000,0
445,NONE,20,0.040271615027450025,1000,12000,0
446,NONE,20,0.040806045988574624,1000,12000,0
447,NONE,20,0.039539886987768114,1000,12000,0
448,NONE,20,0.04028276400640607,1000,12000,0
449,NONE,20,0.039995725033804774,1000,12000,0
450,MATRIX,20,0.042692004004493356,1000,12000,1000
451,MATRIX,20,0.04034159204456955,1000,12000,1000
452,MATRIX,20,0.040040911990217865,1000,12000,1000
453,MATRIX,20,0.04211899801157415,1000,12000,1000
454,MATRIX,20,0.04132400895468891,1000,12000,1000
455,MATRIX,20,0.04105830693151802,1000,12000,1000
456,MATRIX,20,0.043576746014878154,1000,12000,1000
457,MATRIX,20,0.04218339896760881,1000,12000,1000
458,MATRIX,20,0.04485260497312993,1000,12000,1000
459,MATRIX,20,0.044892095029354095,1000,12000,1000
460,MATRIX,20,0.040366081055253744,1000,12000,1000
461,MATRIX,20,0.05335828801617026,1000,12000,1000
462,MATRIX,20,0.04526419995818287,1000,12000,1000
463,MATRIX,20,0.04195874999277294,1000,12000,1000
464,MATRIX,20,0.04063175094779581,1000,12000,1000
465,SEPERABLE,20,0.04028905008453876,1000,12000,1000
466,SEPERABLE,20,0.03960494208149612,1000,12000,1000
467,SEPERABLE,20,0.04044364904984832,1000,12000,1000
468,SEPERABLE,20,0.04073040804360062,1000,12000,1000
469,SEPERABLE,20,0.03874405298847705,1000,12000,1000
470,SEPERABLE,20,0.04203873302321881,1000,12000,1000
471,SEPERABLE,20,0.0410099501023069,1000,12000,1000
472,SEPERABLE,20,0.03954295499715954,1000,12000,1000
473,SEPERABLE,20,0.03965203301049769,1000,12000,1000
474,SEPERABLE,20,0.040845189010724425,1000,12000,1000
475,SEPERABLE,20,0.040395742980763316,1000,12000,1000
476,SEPERABLE,20,0.04824292904231697,1000,12000,1000
477,SEPERABLE,20,0.04523904505185783,1000,12000,1000
478,SEPERABLE,20,0.03993581107351929,1000,12000,1000
479,SEPERABLE,20,0.041130085941404104,1000,12000,1000
480,CHOLESKY,20,0.04239601991139352,1000,12000,1000
481,CHOLESKY,20,0.043892061919905245,1000,12000,1000
482,CHOLESKY,20,0.04393823491409421,1000,12000,1000
483,CHOLESKY,20,0.04203148907981813,1000,12000,1000
484,CHOLESKY,20,0.043527727015316486,1000,12000,1000
485,CHOLESKY,20,0.04888434195891023,1000,12000,1000
486,CHOLESKY,20,0.04411291505675763,1000,12000,1000
487,CHOLESKY,20,0.044060900923796,1000,12000,1000
488,CHOLESKY,20,0.045655932975932956,1000,12000,1000
489,CHOLESKY,20,0.045517346006818116,1000,12000,1000
490,CHOLESKY,20,0.04509356897324324,1000,12000,1000
491,CHOLESKY,20,0.04199582198634744,1000,12000,1000
492,CHOLESKY,20,0.04464197193738073,1000,12000,1000
493,CHOLESKY,20,0.04228949104435742,1000,12000,1000
494,CHOLESKY,20,0.04241088090930134,1000,12000,1000
495,CMSA,20,0.042818896006792784,1000,12000,1000
496,CMSA,20,0.0414567650295794,1000,12000,1000
497,CMSA,20,0.0419222810305655,1000,12000,1000
498,CMSA,20,0.042064632987603545,1000,12000,1000
499,CMSA,20,0.042399453930556774,1000,12000,1000
500,CMSA,20,0.041201850050128996,1000,12000,1000
501,CMSA,20,0.04237480799201876,1000,12000,1000
502,CMSA,20,0.042923461995087564,1000,12000,1000
503,CMSA,20,0.04206694196909666,1000,12000,1000
504,CMSA,20,0.04177639493718743,1000,12000,1000
505,CMSA,20,0.04314523201901466,1000,12000,1000
506,CMSA,20,0.043620768934488297,1000,12000,1000
507,CMSA,20,0.046250030980445445,1000,12000,1000
508,CMSA,20,0.041995160980150104,1000,12000,1000
509,CMSA,20,0.04235911904834211,1000,12000,1000
510,NATURAL_GRADIENT,20,0.047634089016355574,1000,12000,1000
511,NATURAL_GRADIENT,20,0.04758962104097009,1000,12000,1000
512,NATURAL_GRADIENT,20,0.04883428895846009,1000,12000,1000
513,NATURAL_GRADIENT,20,0.04804474499542266,1000,12000,1000
514,NATURAL_GRADIENT,20,0.05021867493633181,1000,12000,1000
515,NATURAL_GRADIENT,20,0.050932217040099204,1000,12000,1000
516,NATURAL_GRADIENT,20,0.04771746799815446,1000,12000,1000
517,NATURAL_GRADIENT,20,0.04774267098400742,1000,12000,1000
518,NATURAL_GRADIENT,20,0.04860394599381834,1000,12000,1000
519,NATURAL_GRADIENT,20,0.04786378296557814,1000,12000,1000
520,NATURAL_GRADIENT,20,0.049401047988794744,1000,12000,1000
521,NATURAL_GRADIENT,20,0.04789384198375046,1000,12000,1000
522,NATURAL_GRADIENT,20,0.04774281906429678,1000,12000,1000
523,NATURAL_GRADIENT,20,0.05020238598808646,1000,12000,1000
524,NATURAL_GRADIENT,20,0.052489073015749454,1000,12000,1000
525,COVARIANCE,40,0.1675972209777683,1000,15000,999
526,COVARIANCE,40,0.16043446096591651,1000,15000,999
527,COVARIANCE,40,0.15638411999680102,1000,15000,999
528,COVARIANCE,40,0.16312111401930451,1000,15000,999
529,COVARIANCE,40,0.18178791902028024,1000,15000,999
530,COVARIANCE,40,0.17434375593438745,1000,15000,999
531,COVARIANCE,40,0.21389896993059665,1000,15000,999
532,COVARIANCE,40,0.16287107206881046,1000,15000,999
533,COVARIANCE,40,0.17143149895127863,1000,15000,999
534,COVARIANCE,40,0.17483992595225573,1000,15000,999
535,COVARIANCE,40,0.16592577996198088,1000,15000,999
536,COVARIANCE,40,0.15827252704184502,1000,15000,999
537,COVARIANCE,40,0.16114346694666892,1000,15000,999
538,COVARIANCE,40,0.1765812720404938,1000,15000,999
539,COVARIANCE,40,0.1769464509561658,1000,15000,999
540,NONE,40,0.08697210904210806,1000,15000,0
541,NONE,40,0.09199973999056965,1000,15000,0
542,NONE,40,0.09088940802030265,1000,15000,0
543,NONE,40,0.08321637404151261,1000,15000,0
544,NONE,40,0.089786836062558,1000,15000,0
545,NONE,40,0.08508844405878335,1000,15000,0
546,NONE,40,0.09177579206880182,1000,15000,0
547,NONE,40,0.08549892401788384,1000,15000,0
548,NONE,40,0.08642277703620493,1000,15000,0
549,NONE,40,0.0811714290175587,1000,15000,0
550,NONE,40,0.08188776392489672,1000,15000,0
551,NONE,40,0.08215750497765839,1000,15000,0
552,NONE,40,0.08106619596946985,1000,15000,0
553,NONE,40,0.08134444698225707,1000,15000,0
554,NONE,40,0.08120331901591271,1000,15000,0
555,MATRIX,40,0.0869275500299409,1000,15000,1000
556,MATRIX,40,0.08813001995440573,1000,15000,1000
557,MATRIX,40,0.09130360104609281,1000,15000,1000
558,MATRIX,40,0.08940214605536312,1000,15000,1000
559,MATRIX,40,0.09071016090456396,1000,15000,1000
560,MATRIX,40,0.09033105999697,1000,15000,1000
561,MATRIX,40,0.08567406295333058,1000,15000,1000
562,MATRIX,40,0.09444298199377954,1000,15000,1000
563,MATRIX,40,0.09091241005808115,1000,15000,1000
564,MATRIX,40,0.08982594998087734,1000,15000,1000
565,MATRIX,40,0.08940630091819912,1000,15000,1000
566,MATRIX,40,0.08877934806514531,1000,15000,1000
567,MATRIX,40,0.09051082201767713,1000,15000,1000
568,MATRIX,40,0.08908571989741176,1000,15000,1000
569,MATRIX,40,0.09159162000287324,1000,15000,1000
570,SEPERABLE,40,0.096538195037283,1000,15000,1000
571,SEPERABLE,40,0.09407578292302787,1000,15000,1000
572,SEPERABLE,40,0.0868315560510382,1000,15000,1000
573,SEPERABLE,40,0.09575606102589518,1000,15000,1000
574,SEPERABLE,40,0.10772285598795861,1000,15000,1000
575,SEPERABLE,40,0.09179948293603957,1000,15000,1000
576,SEPERABLE,40,0.0885527819627896,1000,15000,1000
577,SEPERABLE,40,0.09804408194031566,1000,15000,1000
578,SEPERABLE,40,0.09730524697806686,1000,15000,1000
579,SEPERABLE,40,0.08641196903772652,1000,15000,1000
580,SEPERABLE,40,0.09571024996694177,1000,15000,1000
581,SEPERABLE,40,0.09272320696618408,1000,15000,1000
582,SEPERABLE,40,0.08769402699545026,1000,15000,1000
583,SEPERABLE,40,0.08529081102460623,1000,15000,1000
584,SEPERABLE,40,0.089672771980986,1000,15000,1000
585,CHOLESKY,40,0.09605615399777889,1000,15000,1000
586,CHOLESKY,40,0.10219482600223273,1000,15000,1000
587,CHOLESKY,40,0.10053233697544783,1000,15000,1000
588,CHOLESKY,40,0.09804993390571326,1000,15000,1000
589,CHOLESKY,40,0.11235227901488543,1000,15000,1000
590,CHOLESKY,40,0.11050073604565114,1000,15000,1000
591,CHOLESKY,40,0.11271644302178174,1000,15000,1000
592,CHOLESKY,40,0.09965297195594758,1000,15000,1000
593,CHOLESKY,40,0.09669331600889564,1000,15000,1000
594,CHOLESKY,40,0.09179757395759225,1000,15000,1000
595,CHOLESKY,40,0.09156222990714014,1000,15000,1000
596,CHOLESKY,40,0.09298123803455383,1000,15000,1000
597,CHOLESKY,40,0.09213207999709994,1000,15000,1000
598,CHOLESKY,40,0.09316910896450281,1000,15000,1000
599,CHOLESKY,40,0.08980873902328312,1000,15000,1000
600,CMSA,40,0.09058202698361129,1000,15000,1000
601,CMSA,40,0.09369755093939602,1000,15000,1000
602,CMSA,40,0.09097614407073706,1000,15000,1000
603,CMSA,40,0.08986321999691427,1000,15000,1000
604,CMSA,40,0.09060414496343583,1000,15000,1000
605,CMSA,40,0.08845468703657389,1000,15000,1000
606,CMSA,40,0.09004924492910504,1000,15000,1000
607,CMSA,40,0.09348341403529048,1000,15000,1000
608,CMSA,40,0.09461610694415867,1000,15000,1000
609,CMSA,40,0.09238660894334316,1000,15000,1000
610,CMSA,40,0.09321941796224564,1000,15000,1000
611,CMSA,40,0.09343193203676492,1000,15000,1000
612,CMSA,40,0.10359540197532624,1000,15000,1000
613,CMSA,40,0.09359396004583687,1000,15000,1000
614,CMSA,40,0.09644168405793607,1000,15000,1000
615,NATURAL_GRADIENT,40,0.12956285709515214,1000,15000,1000
616,NATURAL_GRADIENT,40,0.12723773496691138,1000,15000,1000
617,NATURAL_GRADIENT,40,0.12435409100726247,1000,15000,1000
618,NATURAL_GRADIENT,40,0.11891290300991386,1000,15000,1000
619,NATURAL_GRADIENT,40,0.12032928399275988,1000,15000,1000
620,NATURAL_GRADIENT,40,0.11909963504876941,1000,15000,1000
621,NATURAL_GRADIENT,40,0.11749967292416841,1000,15000,1000
622,NATURAL_GRADIENT,40,0.11757511796895415,1000,15000,1000
623,NATURAL_GRADIENT,40,0.11835824395529926,1000,15000,1000
624,NATURAL_GRADIENT,40,0.11811929009854794,1000,15000,1000
625,NATURAL_GRADIENT,40,0.12283511995337903,1000,15000,1000
626,NATURAL_GRADIENT,40,0.12387334601953626,1000,15000,1000
627,NATURAL_GRADIENT,40,0.12001913995482028,1000,15000,1000
628,NATURAL_GRADIENT,40,0.12347487302031368,1000,15000,1000
629,NATURAL_GRADIENT,40,0.12266464601270854,1000,15000,1000
630,COVARIANCE,100,0.5211217780597508,1000,17000,499
631,COVARIANCE,100,0.5314679120201617,1000,17000,499
632,COVARIANCE,100,0.5446918380912393,1000,17000,499
633,COVARIANCE,100,0.528357608942315,1000,17000,499
634,COVARIANCE,100,0.5175769400084391,1000,17000,499
635,COVARIANCE,100,0.5315654329024255,1000,17000,499
636,COVARIANCE,100,0.5266426029847935,1000,17000,499
637,COVARIANCE,100,0.5226456340169534,1000,17000,499
638,COVARIANCE,100,0.524569017929025,1000,17000,499
639,COVARIANCE,100,0.5283362639602274,1000,17000,499
640,COVARIANCE,100,0.522508871043101,1000,17000,499
641,COVARIANCE,100,0.527296525076963,1000,17000,499
642,COVARIANCE,100,0.5208452979568392,1000,17000,499
643,COVARIANCE,100,0.5243254129309207,1000,17000,499
644,COVARIANCE,100,0.522555008996278,1000,17000,499
645,NONE,100,0.2109276979463175,1000,17000,0
646,NONE,100,0.21247282193508,1000,17000,0
647,NONE,100,0.21186058898456395,1000,17000,0
648,NONE,100,0.2114941308973357,1000,17000,0
649,NONE,100,0.21010668494272977,1000,17000,0
650,NONE,100,0.21113439498003572,1000,17000,0
651,NONE,100,0.21051188500132412,1000,17000,0
652,NONE,100,0.213297835085541,1000,17000,0
653,NONE,100,0.20862715307157487,1000,17000,0
654,NONE,100,0.2110031289048493,1000,17000,0
655,NONE,100,0.21053398901131004,1000,17000,0
656,NONE,100,0.2099848910002038,1000,17000,0
657,NONE,100,0.22124319104477763,1000,17000,0
658,NONE,100,0.2145822710590437,1000,17000,0
659,NONE,100,0.2110465590376407,1000,17000,0
660,MATRIX,100,0.23704137606546283,1000,17000,1000
661,MATRIX,100,0.23524919501505792,1000,17000,1000
662,MATRIX,100,0.2329338409472257,1000,17000,1000
663,MATRIX,100,0.23686197504866868,1000,17000,1000
664,MATRIX,100,0.23883276991546154,1000,17000,1000
665,MATRIX,100,0.2362937149591744,1000,17000,1000
666,MATRIX,100,0.23778917896561325,1000,17000,1000
667,MATRIX,100,0.2368498359574005,1000,17000,1000
668,MATRIX,100,0.2352685829391703,1000,17000,1000
669,MATRIX,100,0.2460408869665116,1000,17000,1000
670,MATRIX,100,0.2381373440148309,1000,17000,1000
671,MATRIX,100,0.23527923598885536,1000,17000,1000
672,MATRIX,100,0.23550567706115544,1000,17000,1000
673,MATRIX,100,0.24027198203839362,1000,17000,1000
674,MATRIX,100,0.23817343695554882,1000,17000,1000
675,SEPERABLE,100,0.2158213339280337,1000,17000,1000
676,SEPERABLE,100,0.21031490399036556,1000,17000,1000
677,SEPERABLE,100,0.21054256800562143,1000,17000,1000
678,SEPERABLE,100,0.2233401209814474,1000,17000,1000
679,SEPERABLE,100,0.21396525099407881,1000,17000,1000
680,SEPERABLE,100,0.2118780539603904,1000,17000,1000
681,SEPERABLE,100,0.2181756099453196,1000,17000,1000
682,SEPERABLE,100,0.2237374719697982,1000,17000,1000
683,SEPERABLE,100,0.2114433899987489,1000,17000,1000
684,SEPERABLE,100,0.2128131529316306,1000,17000,1000
685,SEPERABLE,100,0.2128929119789973,1000,17000,1000
686,SEPERABLE,100,0.216176851070486,1000,17000,1000
687,SEPERABLE,100,0.21026831807103008,1000,17000,1000
688,SEPERABLE,100,0.21981401194352657,1000,17000,1000
689,SEPERABLE,100,0.20964805700350553,1000,17000,1000
690,CHOLESKY,100,0.24717775802128017,1000,17000,1000
691,CHOLESKY,100,0.24491507094353437,1000,17000,1000
692,CHOLESKY,100,0.2505362560041249,1000,17000,1000
693,CHOLESKY,100,0.24727875995449722,1000,17000,1000
694,CHOLESKY,100,0.252864358946681,1000,17000,1000
695,CHOLESKY,100,0.25051062600687146,1000,17000,1000
696,CHOLESKY,100,0.2518366069998592,1000,17000,1000
697,CHOLESKY,100,0.24684920499566942,1000,17000,1000
698,CHOLESKY,100,0.25841602496802807,1000,17000,1000
699,CHOLESKY,100,0.24653435696382076,1000,17000,1000
700,CHOLESKY,100,0.2528309669578448,1000,17000,1000
701,CHOLESKY,100,0.2489594160579145,1000,17000,1000
702,CHOLESKY,100,0.2522715840023011,1000,17000,1000
703,CHOLESKY,100,0.2496099309064448,1000,17000,1000
704,CHOLESKY,100,0.2503205679822713,1000,17000,1000
705,CMSA,100,0.263193121063523,1000,17000,1000
706,CMSA,100,0.2612808699486777,1000,17000,1000
707,CMSA,100,0.26326917891856283,1000,17000,1000
708,CMSA,100,0.2617123970994726,1000,17000,1000
709,CMSA,100,0.26589683000929654,1000,17000,1000
710,CMSA,100,0.26546415605116636,1000,17000,1000
711,CMSA,100,0.2668964349431917,1000,17000,1000
712,CMSA,100,0.2622099219588563,1000,17000,1000
713,CMSA,100,0.26335593895055354,1000,17000,1000
714,CMSA,100,0.2604640210047364,1000,17000,1000
715,CMSA,100,0.27353097195737064,1000,17000,1000
716,CMSA,100,0.2617066280217841,1000,17000,1000
717,CMSA,100,0.2606976419920102,1000,17000,1000
718,CMSA,100,0.2571802199818194,1000,17000,1000
719,CMSA,100,0.2643855910282582,1000,17000,1000
720,NATURAL_GRADIENT,100,0.5453195869922638,1000,17000,1000
721,NATURAL_GRADIENT,100,0.5430001160129905,1000,17000,1000
722,NATURAL_GRADIENT,100,0.5564697699155658,1000,17000,1000
723,NATURAL_GRADIENT,100,0.5524597280891612,1000,17000,1000
724,NATURAL_GRADIENT,100,0.5426087530795485,1000,17000,1000
725,NATURAL_GRADIENT,100,0.5383712169714272,1000,17000,1000
726,NATURAL_GRADIENT,100,0.5553588750772178,1000,17000,1000
727,NATURAL_GRADIENT,100,0.5388020679820329,1000,17000,1000
728,NATURAL_GRADIENT,100,0.5380138710606843,1000,17000,1000
729,NATURAL_GRADIENT,100,0.5457986389519647,1000,17000,1000
730,NATURAL_GRADIENT,100,0.5440328880213201,1000,17000,1000
731,NATURAL_GRADIENT,100,0.5527954500867054,1000,17000,1000
732,NATURAL_GRADIENT,100,0.5431316379690543,1000,17000,1000
733,NATURAL_GRADIENT,100,0.546943218098022,1000,17000,1000
734,NATURAL_GRADIENT,100,0.5557161860633641,1000,17000,1000
735,COVARIANCE,200,1.6276547430315986,1000,19000,333
736,COVARIANCE,200,1.6344481399282813,1000,19000,333
737,COVARIANCE,200,1.63722063601017,1000,19000,333
738,COVARIANCE,200,1.6553048150381073,1000,19000,333
739,COVARIANCE,200,1.6293435350526124,1000,19000,333
740,COVARIANCE,200,1.6443297719815746,1000,19000,333
741,COVARIANCE,200,1.623908229987137,1000,19000,333
742,COVARIANCE,200,1.6348585389787331,1000,19000,333
743,COVARIANCE,200,1.63553986500483,1000,19000,333
744,COVARIANCE,200,1.621558653889224,1000,19000,333
745,COVARIANCE,200,1.636688922997564,1000,19000,333
746,COVARIANCE,200,1.6443772970233113,1000,19000,333
747,COVARIANCE,200,1.6384419089881703,1000,19000,333
748,COVARIANCE,200,1.6987084581051022,1000,19000,333
749,COVARIANCE,200,1.6260202279081568,1000,19000,333
750,NONE,200,0.4692869740538299,1000,19000,0
751,NONE,200,0.4566295159747824,1000,19000,0
752,NONE,200,0.4682580929948017,1000,19000,0
753,NONE,200,0.46691234107129276,1000,19000,0
754,NONE,200,0.4653782460372895,1000,19000,0
755,NONE,200,0.4646468689898029,1000,19000,0
756,NONE,200,0.46321476297453046,1000,19000,0
757,NONE,200,0.4834733019815758,1000,19000,0
758,NONE,200,0.4723127739271149,1000,19000,0
759,NONE,200,0.46473444905132055,1000,19000,0
760,NONE,200,0.46309744007885456,1000,19000,0
761,NONE,200,0.4582522918935865,1000,19000,0
762,NONE,200,0.46414424607064575,1000,19000,0
763,NONE,200,0.4647767199203372,1000,19000,0
764,NONE,200,0.46498104301281273,1000,19000,0
765,MATRIX,200,0.553402567980811,1000,19000,1000
766,MATRIX,200,0.5638177460059524,1000,19000,1000
767,MATRIX,200,0.5673174570547417,1000,19000,1000
768,MATRIX,200,0.5543926510727033,1000,19000,1000
769,MATRIX,200,0.5660771699622273,1000,19000,1000
770,MATRIX,200,0.5810745960334316,1000,19000,1000
771,MATRIX,200,0.5607948990073055,1000,19000,1000
772,MATRIX,200,0.5529277870664373,1000,19000,1000
773,MATRIX,200,0.5622194370953366,1000,19000,1000
774,MATRIX,200,0.5811033649370074,1000,19000,1000
775,MATRIX,200,0.5848764290567487,1000,19000,1000
776,MATRIX,200,0.5641269140178338,1000,19000,1000
777,MATRIX,200,0.5894517180277035,1000,19000,1000
778,MATRIX,200,0.6198483309708536,1000,19000,1000
779,MATRIX,200,0.6178910969756544,1000,19000,1000
780,SEPERABLE,200,0.5133765629725531,1000,19000,1000
781,SEPERABLE,200,0.5419201460899785,1000,19000,1000
782,SEPERABLE,200,0.530735783977434,1000,19000,1000
783,SEPERABLE,200,0.5259685689816251,1000,19000,1000
784,SEPERABLE,200,0.4948198290076107,1000,19000,1000
785,SEPERABLE,200,0.5006042210152373,1000,19000,1000
786,SEPERABLE,200,0.503253011032939,1000,19000,1000
787,SEPERABLE,200,0.48653370304964483,1000,19000,1000
788,SEPERABLE,200,0.5016892519779503,1000,19000,1000
789,SEPERABLE,200,0.49153020698577166,1000,19000,1000
790,SEPERABLE,200,0.483528058975935,1000,19000,1000
791,SEPERABLE,200,0.5047821799525991,1000,19000,1000
792,SEPERABLE,200,0.492081810021773,1000,19000,1000
793,SEPERABLE,200,0.49905854591634125,1000,19000,1000
794,SEPERABLE,200,0.508737109019421,1000,19000,1000
795,CHOLESKY,200,0.6297146680299193,1000,19000,1000
796,CHOLESKY,200,0.6349607160082087,1000,19000,1000
797,CHOLESKY,200,0.6208933800226077,1000,19000,1000
798,CHOLESKY,200,0.6183558009797707,1000,19000,1000
799,CHOLESKY,200,0.6260549139697105,1000,19000,1000
800,CHOLESKY,200,0.6709181079640985,1000,19000,1000
801,CHOLESKY,200,0.617852235911414,1000,19000,1000
802,CHOLESKY,200,0.7612487559672445,1000,19000,1000
803,CHOLESKY,200,0.5997590960469097,1000,19000,1000
804,CHOLESKY,200,0.606690707965754,1000,19000,1000
805,CHOLESKY,200,0.6092035699402913,1000,19000,1000
806,CHOLESKY,200,0.59141086100135,1000,19000,1000
807,CHOLESKY,200,0.6070447789970785,1000,19000,1000
808,CHOLESKY,200,0.5920320670120418,1000,19000,1000
809,CHOLESKY,200,0.5944536890601739,1000,19000,1000
810,CMSA,200,0.6936379040125757,1000,19000,1000
811,CMSA,200,0.7023264149902388,1000,19000,1000
812,CMSA,200,0.7197850820375606,1000,19000,1000
813,CMSA,200,0.7444680549670011,1000,19000,1000
814,CMSA,200,0.6864154509967193,1000,19000,1000
815,CMSA,200,0.6865132909733802,1000,19000,1000
816,CMSA,200,0.6944583510048687,1000,19000,1000
817,CMSA,200,0.6867337230360135,1000,19000,1000
818,CMSA,200,0.6870940949302167,1000,19000,1000
819,CMSA,200,0.6885201369877905,1000,19000,1000
820,CMSA,200,0.6869315609801561,1000,19000,1000
821,CMSA,200,0.689428644021973,1000,19000,1000
822,CMSA,200,0.6869403399759904,1000,19000,1000
823,CMSA,200,0.6905757440254092,1000,19000,1000
824,CMSA,200,0.6857497419696301,1000,19000,1000
825,NATURAL_GRADIENT,200,3.223176314961165,1000,19000,1000
826,NATURAL_GRADIENT,200,3.2235711570829153,1000,19000,1000
827,NATURAL_GRADIENT,200,3.316529590054415,1000,19000,1000
828,NATURAL_GRADIENT,200,3.638314520008862,1000,19000,1000
829,NATURAL_GRADIENT,200,3.562994733103551,1000,19000,1000
830,NATURAL_GRADIENT,200,3.797183094895445,1000,19000,1000
831,NATURAL_GRADIENT,200,3.6099800880765542,1000,19000,1000
832,NATURAL_GRADIENT,200,3.4373397750314325,1000,19000,1000
833,NATURAL_GRADIENT,200,3.477735339081846,1000,19000,1000
834,NATURAL_GRADIENT,200,3.5212426621001214,1000,19000,1000
835,NATURAL_GRADIENT,200,3.3026527389883995,1000,19000,1000
836,NATURAL_GRADIENT,200,3.6445402359822765,1000,19000,1000
837,NATURAL_GRADIENT,200,3.4501612439053133,1000,19000,1000
838,NATURAL_GRADIENT,200,3.63628202106338,1000,19000,1000
839,NATURAL_GRADIENT,200,3.7623002079781145,1000,19000,1000
840,COVARIANCE,500,14.078986536012962,1000,22000,199
841,COVARIANCE,500,14.534440309042111,1000,22000,199
842,COVARIANCE,500,14.254128084052354,1000,22000,199
843,COVARIANCE,500,14.71426975808572,1000,22000,199
844,COVARIANCE,500,14.134189796051942,1000,22000,199
845,COVARIANCE,500,14.452294233022258,1000,22000,199
846,COVARIANCE,500,14.392810052959248,1000,22000,199
847,COVARIANCE,500,14.725059842923656,1000,22000,199
848,COVARIANCE,500,14.527420224971138,1000,22000,199
849,COVARIANCE,500,14.20702896406874,1000,22000,199
850,COVARIANCE,500,14.444894767948426,1000,22000,199
851,COVARIANCE,500,14.207684737979434,1000,22000,199
852,COVARIANCE,500,14.352411855012178,1000,22000,199
853,COVARIANCE,500,14.379097484052181,1000,22000,199
854,COVARIANCE,500,14.395583431934938,1000,22000,199
855,NONE,500,1.303843789966777,1000,22000,0
856,NONE,500,1.303575879894197,1000,22000,0
857,NONE,500,1.3555413220310584,1000,22000,0
858,NONE,500,1.3403931179782376,1000,22000,0
859,NONE,500,1.387032444938086,1000,22000,0
860,NONE,500,1.4275234770029783,1000,22000,0
861,NONE,500,1.4356084479950368,1000,22000,0
862,NONE,500,1.3811395799275488,1000,22000,0
863,NONE,500,1.3333965230267495,1000,22000,0
864,NONE,500,1.3404661540407687,1000,22000,0
865,NONE,500,1.3595061210216954,1000,22000,0
866,NONE,500,1.3644251270452514,1000,22000,0
867,NONE,500,1.387764903018251,1000,22000,0
868,NONE,500,1.300863430951722,1000,22000,0
869,NONE,500,1.3577587399631739,1000,22000,0
870,MATRIX,500,2.731360023957677,1000,22000,1000
871,MATRIX,500,2.563822065014392,1000,22000,1000
872,MATRIX,500,2.6090825819410384,1000,22000,1000
873,MATRIX,500,2.796115812030621,1000,22000,1000
874,MATRIX,500,2.416418357985094,1000,22000,1000
875,MATRIX,500,2.5366605130257085,1000,22000,1000
876,MATRIX,500,2.5299156439723447,1000,22000,1000
877,MATRIX,500,2.5075457129860297,1000,22000,1000
878,MATRIX,500,2.548185770981945,1000,22000,1000
879,MATRIX,500,2.6298770499415696,1000,22000,1000
880,MATRIX,500,2.401932706939988,1000,22000,1000
881,MATRIX,500,2.436237054062076,1000,22000,1000
882,MATRIX,500,2.4190751609858125,1000,22000,1000
883,MATRIX,500,2.4375183060765266,1000,22000,1000
884,MATRIX,500,2.423400452011265,1000,22000,1000
885,SEPERABLE,500,1.3044281820766628,1000,21999,1000
886,SEPERABLE,500,1.4445769659942016,1000,22000,1000
887,SEPERABLE,500,1.418783736997284,1000,22000,1000
888,SEPERABLE,500,1.5200424740323797,1000,22000,1000
889,SEPERABLE,500,1.3735109709668905,1000,22000,1000
890,SEPERABLE,500,1.3748439530609176,1000,22000,1000
891,SEPERABLE,500,1.3827809250215068,1000,22000,1000
892,SEPERABLE,500,1.3842455859994516,1000,22000,1000
893,SEPERABLE,500,1.434626773931086,1000,22000,1000
894,SEPERABLE,500,1.395911280065775,1000,22000,1000
895,SEPERABLE,500,1.3463214469375089,1000,22000,1000
896,SEPERABLE,500,1.3323092070640996,1000,22000,1000
897,SEPERABLE,500,1.2955966120352969,1000,22000,1000
898,SEPERABLE,500,1.3127076670061797,1000,22000,1000
899,SEPERABLE,500,1.3200665860204026,1000,22000,1000
900,CHOLESKY,500,2.91848057101015,1000,22000,1000
901,CHOLESKY,500,2.9723374990280718,1000,22000,1000
902,CHOLESKY,500,2.9197278500068933,1000,22000,1000
903,CHOLESKY,500,2.950242604012601,1000,22000,1000
904,CHOLESKY,500,2.9818693900015205,1000,22000,1000
905,CHOLESKY,500,2.9399515700060874,1000,22000,1000
906,CHOLESKY,500,2.9501226210268214,1000,22000,1000
907,CHOLESKY,500,2.945257848012261,1000,22000,1000
908,CHOLESKY,500,2.926275947014801,1000,22000,1000
909,CHOLESKY,500,3.0684031769633293,1000,22000,1000
910,CHOLESKY,500,3.1267793219303712,1000,22000,1000
911,CHOLESKY,500,3.0500639299862087,1000,22000,1000
912,CHOLESKY,500,2.9512416240759194,1000,22000,1000
913,CHOLESKY,500,3.005105872056447,1000,22000,1000
914,CHOLESKY,500,2.9517421280033886,1000,22000,1000
915,CMSA,500,3.8422902560560033,1000,22000,1000
916,CMSA,500,3.8552295829867944,1000,22000,1000
917,CMSA,500,3.848688303027302,1000,22000,1000
918,CMSA,500,3.8993544159457088,1000,22000,1000
919,CMSA,500,4.034882644074969,1000,22000,1000
920,CMSA,500,3.9169793620239943,1000,22000,1000
921,CMSA,500,3.830499325064011,1000,22000,1000
922,CMSA,500,3.8527399640297517,1000,22000,1000
923,CMSA,500,3.9175846149446443,1000,22000,1000
924,CMSA,500,3.9189656289527193,1000,22000,1000
925,CMSA,500,3.8670819589169696,1000,22000,1000
926,CMSA,500,3.8485843129456043,1000,22000,1000
927,CMSA,500,3.8821012030821294,1000,22000,1000
928,CMSA,500,3.868274135980755,1000,22000,1000
929,CMSA,500,4.044376590987667,1000,22000,1000
930,NATURAL_GRADIENT,500,36.326034875935875,1000,22000,1000
931,NATURAL_GRADIENT,500,36.249864930985495,1000,22000,1000
932,NATURAL_GRADIENT,500,36.03903782297857,1000,22000,1000
933,NATURAL_GRADIENT,500,36.26341410295572,1000,22000,1000
934,NATURAL_GRADIENT,500,36.12294864805881,1000,22000,1000
935,NATURAL_GRADIENT,500,36.02733282500412,1000,22000,1000
936,NATURAL_GRADIENT,500,35.307877535931766,1000,22000,1000
937,NATURAL_GRADIENT,500,35.51227333792485,1000,22000,1000
938,NATURAL_GRADIENT,500,35.31757023499813,1000,22000,1000
939,NATURAL_GRADIENT,500,35.475808109971695,1000,22000,1000
940,NATURAL_GRADIENT,500,35.78349867509678,1000,22000,1000
941,NATURAL_GRADIENT,500,36.542923270957544,1000,22000,1000
942,NATURAL_GRADIENT,500,36.924086757935584,1000,22000,1000
943,NATURAL_GRADIENT,500,36.7024204400368,1000,22000,1000
944,NATURAL_GRADIENT,500,37.7687555559678,1000,22000,1000
945,COVARIANCE,1000,58.41599029803183,1000,24000,111
946,COVARIANCE,1000,59.43219360790681,1000,24000,111
947,COVARIANCE,1000,59.10424721299205,1000,24000,111
948,COVARIANCE,1000,60.209893194027245,1000,24000,111
949,COVARIANCE,1000,59.25614745600615,1000,24000,111
950,COVARIANCE,1000,59.34579649101943,1000,24000,111
951,COVARIANCE,1000,60.38034182798583,1000,24000,111
952,COVARIANCE,1000,58.56632693496067,1000,24000,111
953,COVARIANCE,1000,60.18430048401933,1000,24000,111
954,COVARIANCE,1000,58.86595774209127,1000,24000,111
955,COVARIANCE,1000,59.60145337798167,1000,24000,111
956,COVARIANCE,1000,60.68191452592146,1000,24000,111
957,COVARIANCE,1000,60.172513255965896,1000,24000,111
958,COVARIANCE,1000,59.78943317499943,1000,24000,111
959,COVARIANCE,1000,59.253135920036584,1000,24000,111
960,NONE,1000,2.970417827949859,1000,24000,0
961,NONE,1000,2.868519638082944,1000,24000,0
962,NONE,1000,2.8360858260421082,1000,24000,0
963,NONE,1000,2.8325120210647583,1000,24000,0
964,NONE,1000,3.029673565994017,1000,24000,0
965,NONE,1000,2.926325927954167,1000,24000,0
966,NONE,1000,2.8882733390200883,1000,24000,0
967,NONE,1000,2.896614274010062,1000,24000,0
968,NONE,1000,2.882313578040339,1000,24000,0
969,NONE,1000,2.932769438950345,1000,24000,0
970,NONE,1000,2.8500659170094877,1000,24000,0
971,NONE,1000,2.9075663780095056,1000,24000,0
972,NONE,1000,3.0318679090123624,1000,24000,0
973,NONE,1000,2.9588805930688977,1000,24000,0
974,NONE,1000,2.9434033109573647,1000,24000,0
975,MATRIX,1000,8.722839269903488,1000,24000,1000
976,MATRIX,1000,8.956942931981757,1000,24000,1000
977,MATRIX,1000,9.040498326998204,1000,24000,1000
978,MATRIX,1000,8.78873322403524,1000,24000,1000
979,MATRIX,1000,9.053516569081694,1000,24000,1000
980,MATRIX,1000,8.608920320053585,1000,24000,1000
981,MATRIX,1000,8.444880965980701,1000,24000,1000
982,MATRIX,1000,8.355265622958541,1000,24000,1000
983,MATRIX,1000,8.63593386602588,1000,24000,1000
984,MATRIX,1000,8.697479702997953,1000,24000,1000
985,MATRIX,1000,8.6327155160252,1000,24000,1000
986,MATRIX,1000,8.713702499051578,1000,24000,1000
987,MATRIX,1000,8.604626915999688,1000,24000,1000
988,MATRIX,1000,8.746140907984227,1000,24000,1000
989,MATRIX,1000,8.58431101392489,1000,24000,1000
990,SEPERABLE,1000,2.86790823796764,1000,24000,1000
991,SEPERABLE,1000,2.8567130259471014,1000,24000,1000
992,SEPERABLE,1000,2.873720269999467,1000,24000,1000
993,SEPERABLE,1000,2.806458811974153,1000,24000,1000
994,SEPERABLE,1000,3.05638324492611,1000,24000,1000
995,SEPERABLE,1000,2.9519467919599265,1000,24000,1000
996,SEPERABLE,1000,2.947914649033919,1000,24000,1000
997,SEPERABLE,1000,2.905447002965957,1000,24000,1000
998,SEPERABLE,1000,2.850440012058243,1000,24000,1000
999,SEPERABLE,1000,2.868557351990603,1000,24000,1000
1000,SEPERABLE,1000,2.83484008803498,1000,24000,1000
1001,SEPERABLE,1000,2.8840317799476907,1000,24000,1000
1002,SEPERABLE,1000,2.8891381700523198,1000,24000,1000
1003,SEPERABLE,1000,2.8496195019688457,1000,24000,1000
1004,SEPERABLE,1000,2.8594833789393306,1000,24000,1000
1005,CHOLESKY,1000,10.847379466984421,1000,24000,1000
1006,CHOLESKY,1000,10.738492990029044,1000,24000,1000
1007,CHOLESKY,1000,10.828010249999352,1000,24000,1000
1008,CHOLESKY,1000,10.908579673036002,1000,24000,1000
1009,CHOLESKY,1000,10.820064888917841,1000,24000,1000
1010,CHOLESKY,1000,10.743897247943096,1000,24000,1000
1011,CHOLESKY,1000,10.737442129990086,1000,24000,1000
1012,CHOLESKY,1000,10.78281937702559,1000,24000,1000
1013,CHOLESKY,1000,10.807967379922047,1000,24000,1000
1014,CHOLESKY,1000,10.611018877010792,1000,24000,1000
1015,CHOLESKY,1000,10.75385661306791,1000,24000,1000
1016,CHOLESKY,1000,10.823747992049903,1000,24000,1000
1017,CHOLESKY,1000,10.966242205933668,1000,24000,1000
1018,CHOLESKY,1000,10.957469076034613,1000,24000,1000
1019,CHOLESKY,1000,10.882842833991162,1000,24000,1000
1020,CMSA,1000,18.48167527699843,1000,24000,1000
1021,CMSA,1000,18.591479412047192,1000,24000,1000
1022,CMSA,1000,18.40754616900813,1000,24000,1000
1023,CMSA,1000,18.75137915101368,1000,24000,1000
1024,CMSA,1000,18.366487544961274,1000,24000,1000
1025,CMSA,1000,18.459502613986842,1000,24000,1000
1026,CMSA,1000,18.6481174119981,1000,24000,1000
1027,CMSA,1000,18.72227796795778,1000,24000,1000
1028,CMSA,1000,18.478381866938435,1000,24000,1000
1029,CMSA,1000,18.422618427081034,1000,24000,1000
1030,CMSA,1000,18.526153668994084,1000,24000,1000
1031,CMSA,1000,18.63221833796706,1000,24000,1000
1032,CMSA,1000,18.398435153067112,1000,24000,1000
1033,CMSA,1000,18.71902596007567,1000,24000,1000
1034,CMSA,1000,18.42646432307083,1000,24000,1000
1035,NATURAL_GRADIENT,1000,245.23001990607008,1000,23999,1000
1036,NATURAL_GRADIENT,1000,243.94041941408068,1000,24000,1000
1037,NATURAL_GRADIENT,1000,244.42857773799915,1000,24000,1000
1038,NATURAL_GRADIENT,1000,243.97754139103927,1000,24000,1000
1039,NATURAL_GRADIENT,1000,245.36159782588948,1000,24000,1000
1040,NATURAL_GRADIENT,1000,245.4515311169671,1000,24000,1000
1041,NATURAL_GRADIENT,1000,245.86246696009766,1000,24000,1000
1042,NATURAL_GRADIENT,1000,245.33539306302555,1000,24000,1000
1043,NATURAL_GRADIENT,1000,246.77985070098657,1000,24000,1000
1044,NATURAL_GRADIENT,1000,245.47880328900646,1000,24000,1000
1045,NATURAL_GRADIENT,1000,246.41918917105068,1000,24000,1000
1046,NATURAL_GRADIENT,1000,245.33992688904982,1000,24000,1000
1047,NATURAL_GRADIENT,1000,246.63648926699534,1000,24000,1000
1048,NATURAL_GRADIENT,1000,244.97171986103058,1000,24000,1000
1049,NATURAL_GRADIENT,1000,246.18604666204192,1000,24000,1000
