{
	"version": "0.3.6", 
	"suite": "unknown_suite", 
	"function_id": 3, 
	"function_name": "Rastrigin", 
	"maximization": false, 
	"algorithm": {"name": "CMAES_ModCMA", "info": "test of IOHexperimenter in python"},
	"attributes": ["evaluations", "raw_y"],
	"scenarios": [
		{"dimension": 5,
		"path": "data_f3_Rastrigin/IOHprofiler_f3_DIM5.dat",
		"runs": [
			{"instance": 6, "evals": 1000000, "best": {"evals": 278534, "y": 0.00015167394307166477, "x": [-2.6451313733596393, -3.029863308341575, -2.3050593318540256, -3.894187521197721, -0.6704000527812961]}}
		]}
	]
}
