{
	"version": "0.3.6", 
	"suite": "unknown_suite", 
	"function_id": 3, 
	"function_name": "Rastrigin", 
	"maximization": false, 
	"algorithm": {"name": "CMAES_SB-CMA", "info": "test of IOHexperimenter in python"},
	"attributes": ["evaluations", "raw_y"],
	"scenarios": [
		{"dimension": 5,
		"path": "data_f3_Rastrigin/IOHprofiler_f3_DIM5.dat",
		"runs": [
			{"instance": 8, "evals": 500200, "best": {"evals": 1535, "y": 1.259351514574889, "x": [-1.5677621265550776, -1.6259807921741671, -0.16351464103359326, 3.130719346223909, 2.950447844788158]}}
		]}
	]
}
