{
	"version": "0.3.6", 
	"suite": "unknown_suite", 
	"function_id": 4, 
	"function_name": "BuecheRastrigin", 
	"maximization": false, 
	"algorithm": {"name": "CMAES_ModCMA", "info": "test of IOHexperimenter in python"},
	"attributes": ["evaluations", "raw_y"],
	"scenarios": [
		{"dimension": 5,
		"path": "data_f4_BuecheRastrigin/IOHprofiler_f4_DIM5.dat",
		"runs": [
			{"instance": 12, "evals": 1000000, "best": {"evals": 868678, "y": 2.4021989855715473, "x": [2.5359793090349823, 3.5867037879543826, 3.8556817800743715, 0.8552370685559981, 0.24923970559060546]}}
		]}
	]
}
