{
	"version": "0.3.6", 
	"suite": "unknown_suite", 
	"function_id": 4, 
	"function_name": "BuecheRastrigin", 
	"maximization": false, 
	"algorithm": {"name": "CMAES_SB-CMA", "info": "test of IOHexperimenter in python"},
	"attributes": ["evaluations", "raw_y"],
	"scenarios": [
		{"dimension": 5,
		"path": "data_f4_BuecheRastrigin/IOHprofiler_f4_DIM5.dat",
		"runs": [
			{"instance": 2, "evals": 500200, "best": {"evals": 123401, "y": 1.0298705028575914, "x": [2.3891413095443017, -0.8554988662626911, 0.6755311821226527, 3.3208791013807657, 2.4642843956019767]}}
		]}
	]
}
