{
	"version": "0.3.6", 
	"suite": "unknown_suite", 
	"function_id": 3, 
	"function_name": "Rastrigin", 
	"maximization": false, 
	"algorithm": {"name": "ModCMA", "info": "test of IOHexperimenter in python"},
	"attributes": ["evaluations", "raw_y"],
	"scenarios": [
		{"dimension": 5,
		"path": "data_f3_Rastrigin/IOHprofiler_f3_DIM5.dat",
		"runs": [
			{"instance": 8, "evals": 1000000, "best": {"evals": 117977, "y": 0.001408230582342249, "x": [-1.5737124766793669, -0.8192053048717168, -0.16995806107304304, 3.1182047215763444, 2.944034263852491]}}
		]}
	]
}
