{
	"version": "0.3.6", 
	"suite": "unknown_suite", 
	"function_id": 4, 
	"function_name": "BuecheRastrigin", 
	"maximization": false, 
	"algorithm": {"name": "ModCMA", "info": "test of IOHexperimenter in python"},
	"attributes": ["evaluations", "raw_y"],
	"scenarios": [
		{"dimension": 5,
		"path": "data_f4_BuecheRastrigin/IOHprofiler_f4_DIM5.dat",
		"runs": [
			{"instance": 5, "evals": 1000000, "best": {"evals": 37951, "y": 2.995504278290281, "x": [2.766913082346505, 1.4861945030052839, 2.862766718207152, -1.9643348715444968, 2.1815430233984943]}}
		]}
	]
}
