{
	"version": "0.3.6", 
	"suite": "unknown_suite", 
	"function_id": 3, 
	"function_name": "Rastrigin", 
	"maximization": false, 
	"algorithm": {"name": "CMAES_SB-CMA", "info": "test of IOHexperimenter in python"},
	"attributes": ["evaluations", "raw_y"],
	"scenarios": [
		{"dimension": 5,
		"path": "data_f3_Rastrigin/IOHprofiler_f3_DIM5.dat",
		"runs": [
			{"instance": 9, "evals": 500200, "best": {"evals": 419753, "y": 1.3391273967101331, "x": [0.8246207043126224, 3.9220240792043706, 1.1172537611295041, 2.8939101436594354, -1.00039095020298]}}
		]}
	]
}
