{
	"version": "0.3.6", 
	"suite": "unknown_suite", 
	"function_id": 4, 
	"function_name": "BuecheRastrigin", 
	"maximization": false, 
	"algorithm": {"name": "CMAES_SB-CMA", "info": "test of IOHexperimenter in python"},
	"attributes": ["evaluations", "raw_y"],
	"scenarios": [
		{"dimension": 5,
		"path": "data_f4_BuecheRastrigin/IOHprofiler_f4_DIM5.dat",
		"runs": [
			{"instance": 15, "evals": 500200, "best": {"evals": 65776, "y": 2.0069907097262645, "x": [2.8926441507512184, 3.997230397455168, 0.5912237427302314, 3.737796993820515, 1.904813140331489]}}
		]}
	]
}
