{
	"version": "0.3.6", 
	"suite": "unknown_suite", 
	"function_id": 4, 
	"function_name": "BuecheRastrigin", 
	"maximization": false, 
	"algorithm": {"name": "ModCMA", "info": "test of IOHexperimenter in python"},
	"attributes": ["evaluations", "raw_y"],
	"scenarios": [
		{"dimension": 5,
		"path": "data_f4_BuecheRastrigin/IOHprofiler_f4_DIM5.dat",
		"runs": [
			{"instance": 9, "evals": 1000000, "best": {"evals": 695857, "y": 2.985384116037382, "x": [-0.16086274332440972, 3.9208419057120905, 1.1188752242977995, 2.877927314461648, 0.6983395257901458]}}
		]}
	]
}
