{
	"version": "0.3.6", 
	"suite": "unknown_suite", 
	"function_id": 4, 
	"function_name": "BuecheRastrigin", 
	"maximization": false, 
	"algorithm": {"name": "SP[20]-CMA", "info": "test of IOHexperimenter in python"},
	"attributes": ["evaluations", "raw_y"],
	"scenarios": [
		{"dimension": 5,
		"path": "data_f4_BuecheRastrigin/IOHprofiler_f4_DIM5.dat",
		"runs": [
			{"instance": 10, "evals": 500200, "best": {"evals": 85820, "y": 2.0609628151610098, "x": [3.2500229412379067, -1.4596615637358399, 2.090726505135771, -1.238992555835041, 2.8607113624345755]}}
		]}
	]
}
