{
	"version": "0.3.6", 
	"suite": "unknown_suite", 
	"function_id": 3, 
	"function_name": "Rastrigin", 
	"maximization": false, 
	"algorithm": {"name": "CMAES_ModCMA", "info": "test of IOHexperimenter in python"},
	"attributes": ["evaluations", "raw_y"],
	"scenarios": [
		{"dimension": 5,
		"path": "data_f3_Rastrigin/IOHprofiler_f3_DIM5.dat",
		"runs": [
			{"instance": 7, "evals": 1000000, "best": {"evals": 336302, "y": 0.03880147259880319, "x": [-0.2077014000798658, -2.2346960912979346, -0.03145526222039237, -0.25834092866401537, 0.7632994612683993]}}
		]}
	]
}
