{
	"version": "0.3.6", 
	"suite": "unknown_suite", 
	"function_id": 3, 
	"function_name": "Rastrigin", 
	"maximization": false, 
	"algorithm": {"name": "CMAES_SB-CMA", "info": "test of IOHexperimenter in python"},
	"attributes": ["evaluations", "raw_y"],
	"scenarios": [
		{"dimension": 5,
		"path": "data_f3_Rastrigin/IOHprofiler_f3_DIM5.dat",
		"runs": [
			{"instance": 6, "evals": 500200, "best": {"evals": 306504, "y": 2.165957042525843, "x": [-3.6450303135958193, -3.8258423794302616, -2.3191941775255698, -3.8935073590518563, -0.6714632253204867]}}
		]}
	]
}
