{
	"version": "0.3.6", 
	"suite": "unknown_suite", 
	"function_id": 3, 
	"function_name": "Rastrigin", 
	"maximization": false, 
	"algorithm": {"name": "ModCMA", "info": "test of IOHexperimenter in python"},
	"attributes": ["evaluations", "raw_y"],
	"scenarios": [
		{"dimension": 5,
		"path": "data_f3_Rastrigin/IOHprofiler_f3_DIM5.dat",
		"runs": [
			{"instance": 1, "evals": 1000000, "best": {"evals": 461837, "y": 0.007819510598487922, "x": [-2.3406091226966095, 2.2972392923799463, 2.214841349837684, 0.72980290173399, 2.2999168022193754]}}
		]}
	]
}
