{
	"version": "0.3.6", 
	"suite": "unknown_suite", 
	"function_id": 4, 
	"function_name": "BuecheRastrigin", 
	"maximization": false, 
	"algorithm": {"name": "CMAES_SB-CMA", "info": "test of IOHexperimenter in python"},
	"attributes": ["evaluations", "raw_y"],
	"scenarios": [
		{"dimension": 5,
		"path": "data_f4_BuecheRastrigin/IOHprofiler_f4_DIM5.dat",
		"runs": [
			{"instance": 7, "evals": 500200, "best": {"evals": 418746, "y": 4.7536244626594995, "x": [-0.7531560572189799, -1.425823554801441, -0.5814032533725031, -0.2643620488356664, 0.4543598343968884]}}
		]}
	]
}
