{
	"version": "0.3.6", 
	"suite": "unknown_suite", 
	"function_id": 3, 
	"function_name": "Rastrigin", 
	"maximization": false, 
	"algorithm": {"name": "CMAES_ModCMA", "info": "test of IOHexperimenter in python"},
	"attributes": ["evaluations", "raw_y"],
	"scenarios": [
		{"dimension": 5,
		"path": "data_f3_Rastrigin/IOHprofiler_f3_DIM5.dat",
		"runs": [
			{"instance": 5, "evals": 1000000, "best": {"evals": 483524, "y": 0.030299460040146872, "x": [-3.769900534693859, 1.4842306936590535, 3.462356815444568, -1.963619502455889, -2.4886555366201737]}}
		]}
	]
}
