{
	"version": "0.3.6", 
	"suite": "unknown_suite", 
	"function_id": 4, 
	"function_name": "BuecheRastrigin", 
	"maximization": false, 
	"algorithm": {"name": "ModCMA", "info": "test of IOHexperimenter in python"},
	"attributes": ["evaluations", "raw_y"],
	"scenarios": [
		{"dimension": 5,
		"path": "data_f4_BuecheRastrigin/IOHprofiler_f4_DIM5.dat",
		"runs": [
			{"instance": 12, "evals": 1000000, "best": {"evals": 872818, "y": 2.996597898941981, "x": [2.5199885915977895, 3.6155839800695353, 3.255085365614517, 0.8535207416433865, 0.2444493994713515]}}
		]}
	]
}
