{
	"version": "0.3.6", 
	"suite": "unknown_suite", 
	"function_id": 4, 
	"function_name": "BuecheRastrigin", 
	"maximization": false, 
	"algorithm": {"name": "CMAES_SB-CMA", "info": "test of IOHexperimenter in python"},
	"attributes": ["evaluations", "raw_y"],
	"scenarios": [
		{"dimension": 5,
		"path": "data_f4_BuecheRastrigin/IOHprofiler_f4_DIM5.dat",
		"runs": [
			{"instance": 12, "evals": 500200, "best": {"evals": 421972, "y": 2.0177062573057922, "x": [2.512266098417593, 2.807064708153946, 3.8527364109699462, 0.8512365139437547, 0.5532782583429086]}}
		]}
	]
}
