{
	"version": "0.3.6", 
	"suite": "unknown_suite", 
	"function_id": 4, 
	"function_name": "BuecheRastrigin", 
	"maximization": false, 
	"algorithm": {"name": "ModCMA", "info": "test of IOHexperimenter in python"},
	"attributes": ["evaluations", "raw_y"],
	"scenarios": [
		{"dimension": 5,
		"path": "data_f4_BuecheRastrigin/IOHprofiler_f4_DIM5.dat",
		"runs": [
			{"instance": 6, "evals": 1000000, "best": {"evals": 121256, "y": 2.9851757237024428, "x": [1.6490469676724224, -3.029557748977386, 1.7080770849377565, -3.8942035315721943, 0.360723226062741]}}
		]}
	]
}
