{
	"version": "0.3.6", 
	"suite": "unknown_suite", 
	"function_id": 3, 
	"function_name": "Rastrigin", 
	"maximization": false, 
	"algorithm": {"name": "CMAES_ModCMA", "info": "test of IOHexperimenter in python"},
	"attributes": ["evaluations", "raw_y"],
	"scenarios": [
		{"dimension": 5,
		"path": "data_f3_Rastrigin/IOHprofiler_f3_DIM5.dat",
		"runs": [
			{"instance": 14, "evals": 100000, "best": {"evals": 10919, "y": 1.0251665375575407, "x": [3.198287090997254, 3.629084626034576, 1.1270345216678144, -3.0874760565020245, -1.619314314841598]}}
		]}
	]
}
