{
	"version": "0.3.6", 
	"suite": "unknown_suite", 
	"function_id": 4, 
	"function_name": "BuecheRastrigin", 
	"maximization": false, 
	"algorithm": {"name": "ModCMA", "info": "test of IOHexperimenter in python"},
	"attributes": ["evaluations", "raw_y"],
	"scenarios": [
		{"dimension": 5,
		"path": "data_f4_BuecheRastrigin/IOHprofiler_f4_DIM5.dat",
		"runs": [
			{"instance": 13, "evals": 1000000, "best": {"evals": 244820, "y": 2.818364632962234, "x": [3.248880993885745, -0.6397683658391934, 1.114753161103584, 2.3149470983935534, 2.3064138815207893]}}
		]}
	]
}
