{
	"version": "0.3.6", 
	"suite": "unknown_suite", 
	"function_id": 4, 
	"function_name": "BuecheRastrigin", 
	"maximization": false, 
	"algorithm": {"name": "SP-CMA", "info": "test of IOHexperimenter in python"},
	"attributes": ["evaluations", "raw_y"],
	"scenarios": [
		{"dimension": 5,
		"path": "data_f4_BuecheRastrigin/IOHprofiler_f4_DIM5.dat",
		"runs": [
			{"instance": 8, "evals": 500200, "best": {"evals": 324551, "y": 4.281561850009379, "x": [1.5481662327402868, -0.02876978174637737, -0.42367465275503524, 3.553827021767914, 2.63171395702544]}}
		]}
	]
}
