{
	"version": "0.3.6", 
	"suite": "unknown_suite", 
	"function_id": 4, 
	"function_name": "BuecheRastrigin", 
	"maximization": false, 
	"algorithm": {"name": "CMAES_ModCMA", "info": "test of IOHexperimenter in python"},
	"attributes": ["evaluations", "raw_y"],
	"scenarios": [
		{"dimension": 5,
		"path": "data_f4_BuecheRastrigin/IOHprofiler_f4_DIM5.dat",
		"runs": [
			{"instance": 7, "evals": 1000000, "best": {"evals": 5400, "y": 3.018545026746991, "x": [-0.7983711509092846, -2.241884033033097, -0.5725040972231693, -0.2587086309969772, 0.4534142518647426]}}
		]}
	]
}
