{
	"version": "0.3.6", 
	"suite": "unknown_suite", 
	"function_id": 3, 
	"function_name": "Rastrigin", 
	"maximization": false, 
	"algorithm": {"name": "ModCMA", "info": "test of IOHexperimenter in python"},
	"attributes": ["evaluations", "raw_y"],
	"scenarios": [
		{"dimension": 5,
		"path": "data_f3_Rastrigin/IOHprofiler_f3_DIM5.dat",
		"runs": [
			{"instance": 11, "evals": 1000000, "best": {"evals": 610611, "y": 0.03763752646072973, "x": [-2.590959749452217, -2.271636655866133, -2.088447369637599, 0.9296723985822265, 1.6786305999580848]}}
		]}
	]
}
