{
	"version": "0.3.6", 
	"suite": "unknown_suite", 
	"function_id": 3, 
	"function_name": "Rastrigin", 
	"maximization": false, 
	"algorithm": {"name": "SP-CMA", "info": "test of IOHexperimenter in python"},
	"attributes": ["evaluations", "raw_y"],
	"scenarios": [
		{"dimension": 5,
		"path": "data_f3_Rastrigin/IOHprofiler_f3_DIM5.dat",
		"runs": [
			{"instance": 15, "evals": 500200, "best": {"evals": 367534, "y": 10.056132501279684, "x": [-6.928448943985168, 3.1631530344976144, 0.5925672190625112, 3.7429558064337876, 1.5954832066422575]}}
		]}
	]
}
