{
	"version": "0.3.6", 
	"suite": "unknown_suite", 
	"function_id": 3, 
	"function_name": "Rastrigin", 
	"maximization": false, 
	"algorithm": {"name": "SP[20]-CMA", "info": "test of IOHexperimenter in python"},
	"attributes": ["evaluations", "raw_y"],
	"scenarios": [
		{"dimension": 5,
		"path": "data_f3_Rastrigin/IOHprofiler_f3_DIM5.dat",
		"runs": [
			{"instance": 5, "evals": 500200, "best": {"evals": 219727, "y": 2.9197824488386948, "x": [-3.7780813705783522, 2.302707560325923, 3.4288270293800314, -2.3820057192112025, -2.4872912101897344]}}
		]}
	]
}
