{
	"version": "0.3.6", 
	"suite": "unknown_suite", 
	"function_id": 4, 
	"function_name": "BuecheRastrigin", 
	"maximization": false, 
	"algorithm": {"name": "SP-CMA", "info": "test of IOHexperimenter in python"},
	"attributes": ["evaluations", "raw_y"],
	"scenarios": [
		{"dimension": 5,
		"path": "data_f4_BuecheRastrigin/IOHprofiler_f4_DIM5.dat",
		"runs": [
			{"instance": 4, "evals": 500200, "best": {"evals": 87875, "y": 3.9921903205867983, "x": [2.1212738964751012, -1.4732673507964154, 1.1846244953022524, 4.3514721647798655, 3.1518383701648287]}}
		]}
	]
}
