{
	"version": "0.3.6", 
	"suite": "unknown_suite", 
	"function_id": 3, 
	"function_name": "Rastrigin", 
	"maximization": false, 
	"algorithm": {"name": "CMAES_SB-CMA", "info": "test of IOHexperimenter in python"},
	"attributes": ["evaluations", "raw_y"],
	"scenarios": [
		{"dimension": 5,
		"path": "data_f3_Rastrigin/IOHprofiler_f3_DIM5.dat",
		"runs": [
			{"instance": 6, "evals": 20000, "best": {"evals": 222, "y": 45.79234105195498, "x": [-3.745326556784266, -1.6487380788351809, -2.7375218199708398, -4.070545921934491, -0.5878011449844651]}}
		]}
	]
}
