{
	"version": "0.3.6", 
	"suite": "unknown_suite", 
	"function_id": 3, 
	"function_name": "Rastrigin", 
	"maximization": false, 
	"algorithm": {"name": "CMAES_SB-CMA", "info": "test of IOHexperimenter in python"},
	"attributes": ["evaluations", "raw_y"],
	"scenarios": [
		{"dimension": 5,
		"path": "data_f3_Rastrigin/IOHprofiler_f3_DIM5.dat",
		"runs": [
			{"instance": 5, "evals": 500200, "best": {"evals": 477088, "y": 1.09966056877619, "x": [-3.7607757459322606, 0.6888712809477768, 3.4611293023357956, -1.9637220530117432, -2.487478815083716]}}
		]}
	]
}
