{
	"version": "0.3.6", 
	"suite": "unknown_suite", 
	"function_id": 4, 
	"function_name": "BuecheRastrigin", 
	"maximization": false, 
	"algorithm": {"name": "CMAES_ModCMA", "info": "test of IOHexperimenter in python"},
	"attributes": ["evaluations", "raw_y"],
	"scenarios": [
		{"dimension": 5,
		"path": "data_f4_BuecheRastrigin/IOHprofiler_f4_DIM5.dat",
		"runs": [
			{"instance": 4, "evals": 100000, "best": {"evals": 81058, "y": 4.176757689284163, "x": [2.11745204878288, -1.4815881808261704, 1.1741903127475901, 3.9041547533288044, 2.848547819443483]}}
		]}
	]
}
