{
	"version": "0.3.6", 
	"suite": "unknown_suite", 
	"function_id": 4, 
	"function_name": "BuecheRastrigin", 
	"maximization": false, 
	"algorithm": {"name": "ModCMA", "info": "test of IOHexperimenter in python"},
	"attributes": ["evaluations", "raw_y"],
	"scenarios": [
		{"dimension": 5,
		"path": "data_f4_BuecheRastrigin/IOHprofiler_f4_DIM5.dat",
		"runs": [
			{"instance": 4, "evals": 1000000, "best": {"evals": 787677, "y": 2.234648891951932, "x": [3.1051526334031316, -2.317186748879331, 1.1915958808088485, 3.9060687469196638, 2.8434412251595864]}}
		]}
	]
}
