{
	"version": "0.3.6", 
	"suite": "unknown_suite", 
	"function_id": 4, 
	"function_name": "BuecheRastrigin", 
	"maximization": false, 
	"algorithm": {"name": "CMAES_SB-CMA", "info": "test of IOHexperimenter in python"},
	"attributes": ["evaluations", "raw_y"],
	"scenarios": [
		{"dimension": 5,
		"path": "data_f4_BuecheRastrigin/IOHprofiler_f4_DIM5.dat",
		"runs": [
			{"instance": 2, "evals": 20000, "best": {"evals": 12804, "y": 7.378139012435369, "x": [1.411764280062583, -0.0476221904127382, 0.6770793838277669, 3.3375302807707175, 1.7861099416642816]}}
		]}
	]
}
