{
	"version": "0.3.6", 
	"suite": "unknown_suite", 
	"function_id": 3, 
	"function_name": "Rastrigin", 
	"maximization": false, 
	"algorithm": {"name": "CMAES_ModCMA", "info": "test of IOHexperimenter in python"},
	"attributes": ["evaluations", "raw_y"],
	"scenarios": [
		{"dimension": 5,
		"path": "data_f3_Rastrigin/IOHprofiler_f3_DIM5.dat",
		"runs": [
			{"instance": 5, "evals": 1000000, "best": {"evals": 448636, "y": 0.013191802518222426, "x": [-3.7584213163317775, 1.4849633828521411, 3.461017370901965, -1.967190419506676, -2.4909508270926737]}}
		]}
	]
}
