{
	"version": "0.3.6", 
	"suite": "unknown_suite", 
	"function_id": 4, 
	"function_name": "BuecheRastrigin", 
	"maximization": false, 
	"algorithm": {"name": "ModCMA", "info": "test of IOHexperimenter in python"},
	"attributes": ["evaluations", "raw_y"],
	"scenarios": [
		{"dimension": 5,
		"path": "data_f4_BuecheRastrigin/IOHprofiler_f4_DIM5.dat",
		"runs": [
			{"instance": 12, "evals": 1000000, "best": {"evals": 675769, "y": 3.016230850289194, "x": [2.5187339190597795, 3.6172222026151606, 3.253769160548148, 0.8509246327852173, 0.24662828823258306]}}
		]}
	]
}
