{
	"version": "0.3.6", 
	"suite": "unknown_suite", 
	"function_id": 4, 
	"function_name": "BuecheRastrigin", 
	"maximization": false, 
	"algorithm": {"name": "SP-CMA", "info": "test of IOHexperimenter in python"},
	"attributes": ["evaluations", "raw_y"],
	"scenarios": [
		{"dimension": 5,
		"path": "data_f4_BuecheRastrigin/IOHprofiler_f4_DIM5.dat",
		"runs": [
			{"instance": 5, "evals": 500200, "best": {"evals": 355946, "y": 1.1136341985268663, "x": [3.7415029244373224, 1.4756993307266306, 2.8613867300379123, -1.9661193766600817, 2.4919131704488406]}}
		]}
	]
}
