{
	"version": "0.3.6", 
	"suite": "unknown_suite", 
	"function_id": 4, 
	"function_name": "BuecheRastrigin", 
	"maximization": false, 
	"algorithm": {"name": "SP-CMA", "info": "test of IOHexperimenter in python"},
	"attributes": ["evaluations", "raw_y"],
	"scenarios": [
		{"dimension": 5,
		"path": "data_f4_BuecheRastrigin/IOHprofiler_f4_DIM5.dat",
		"runs": [
			{"instance": 9, "evals": 500200, "best": {"evals": 356588, "y": 2.0600358462103365, "x": [0.8298951096554829, 3.9289431681849503, 1.1176516224863389, 2.8825545677309408, 0.695648711659744]}}
		]}
	]
}
