{
	"version": "0.3.6", 
	"suite": "unknown_suite", 
	"function_id": 4, 
	"function_name": "BuecheRastrigin", 
	"maximization": false, 
	"algorithm": {"name": "CMAES_SB-CMA", "info": "test of IOHexperimenter in python"},
	"attributes": ["evaluations", "raw_y"],
	"scenarios": [
		{"dimension": 5,
		"path": "data_f4_BuecheRastrigin/IOHprofiler_f4_DIM5.dat",
		"runs": [
			{"instance": 15, "evals": 20000, "best": {"evals": 1192, "y": 27.913137108047806, "x": [1.8601133119880955, 2.45847635174583, 0.7056635439767597, 4.247784193954679, 1.5741532761755876]}}
		]}
	]
}
