{
	"version": "0.3.6", 
	"suite": "unknown_suite", 
	"function_id": 4, 
	"function_name": "BuecheRastrigin", 
	"maximization": false, 
	"algorithm": {"name": "CMAES_SB-CMA", "info": "test of IOHexperimenter in python"},
	"attributes": ["evaluations", "raw_y"],
	"scenarios": [
		{"dimension": 5,
		"path": "data_f4_BuecheRastrigin/IOHprofiler_f4_DIM5.dat",
		"runs": [
			{"instance": 7, "evals": 20000, "best": {"evals": 2789, "y": 7.172904515762477, "x": [-1.7631541497232717, -1.4316354383542966, -0.5737471899034993, -0.2479513316235633, 0.4537943380368517]}}
		]}
	]
}
