{
	"version": "0.3.6", 
	"suite": "unknown_suite", 
	"function_id": 3, 
	"function_name": "Rastrigin", 
	"maximization": false, 
	"algorithm": {"name": "CMAES_SB-CMA", "info": "test of IOHexperimenter in python"},
	"attributes": ["evaluations", "raw_y"],
	"scenarios": [
		{"dimension": 5,
		"path": "data_f3_Rastrigin/IOHprofiler_f3_DIM5.dat",
		"runs": [
			{"instance": 15, "evals": 20000, "best": {"evals": 1561, "y": 16.132812636654783, "x": [-3.960876714197928, 4.534546517241121, 0.034141267083261706, 4.187048276423377, 2.6434259013427095]}}
		]}
	]
}
