{
	"version": "0.3.6", 
	"suite": "unknown_suite", 
	"function_id": 3, 
	"function_name": "Rastrigin", 
	"maximization": false, 
	"algorithm": {"name": "CMAES_ModCMA", "info": "test of IOHexperimenter in python"},
	"attributes": ["evaluations", "raw_y"],
	"scenarios": [
		{"dimension": 5,
		"path": "data_f3_Rastrigin/IOHprofiler_f3_DIM5.dat",
		"runs": [
			{"instance": 9, "evals": 100000, "best": {"evals": 99970, "y": 0.9030917475311602, "x": [0.8645313022029745, 3.9368729812110597, 1.7037900862694926, 2.898201393508427, -0.9964368910439888]}}
		]}
	]
}
