{
	"version": "0.3.6", 
	"suite": "unknown_suite", 
	"function_id": 3, 
	"function_name": "Rastrigin", 
	"maximization": false, 
	"algorithm": {"name": "SP[20]-CMA", "info": "test of IOHexperimenter in python"},
	"attributes": ["evaluations", "raw_y"],
	"scenarios": [
		{"dimension": 5,
		"path": "data_f3_Rastrigin/IOHprofiler_f3_DIM5.dat",
		"runs": [
			{"instance": 2, "evals": 500200, "best": {"evals": 298000, "y": 2.017408053952243, "x": [2.4020226664387248, -0.026197933871420845, -1.2709626485047718, 2.915717078132862, -2.460343688777643]}}
		]}
	]
}
