{
	"version": "0.3.6", 
	"suite": "unknown_suite", 
	"function_id": 4, 
	"function_name": "BuecheRastrigin", 
	"maximization": false, 
	"algorithm": {"name": "CMAES_ModCMA", "info": "test of IOHexperimenter in python"},
	"attributes": ["evaluations", "raw_y"],
	"scenarios": [
		{"dimension": 5,
		"path": "data_f4_BuecheRastrigin/IOHprofiler_f4_DIM5.dat",
		"runs": [
			{"instance": 9, "evals": 1000000, "best": {"evals": 751918, "y": 2.0121132951179375, "x": [-0.1571384703234382, 3.9267398429483493, 1.1174184215331524, 2.8766158598931906, 1.007834607840975]}}
		]}
	]
}
