{
	"version": "0.3.6", 
	"suite": "unknown_suite", 
	"function_id": 4, 
	"function_name": "BuecheRastrigin", 
	"maximization": false, 
	"algorithm": {"name": "CMAES_ModCMA", "info": "test of IOHexperimenter in python"},
	"attributes": ["evaluations", "raw_y"],
	"scenarios": [
		{"dimension": 5,
		"path": "data_f4_BuecheRastrigin/IOHprofiler_f4_DIM5.dat",
		"runs": [
			{"instance": 15, "evals": 100000, "best": {"evals": 43073, "y": 3.988234878445369, "x": [2.890546118778111, 3.9937599686266108, -0.007326496511195973, 3.7349815724030546, 1.598236252196481]}}
		]}
	]
}
