{
	"version": "0.3.6", 
	"suite": "unknown_suite", 
	"function_id": 3, 
	"function_name": "Rastrigin", 
	"maximization": false, 
	"algorithm": {"name": "CMAES_ModCMA", "info": "test of IOHexperimenter in python"},
	"attributes": ["evaluations", "raw_y"],
	"scenarios": [
		{"dimension": 5,
		"path": "data_f3_Rastrigin/IOHprofiler_f3_DIM5.dat",
		"runs": [
			{"instance": 15, "evals": 1000000, "best": {"evals": 499543, "y": 0.02860948435706403, "x": [-3.8861497541588754, 3.1757234210024814, 0.590586277814071, 3.732523978869573, 1.9067005434082975]}}
		]}
	]
}
