{
	"version": "0.3.6", 
	"suite": "unknown_suite", 
	"function_id": 3, 
	"function_name": "Rastrigin", 
	"maximization": false, 
	"algorithm": {"name": "CMAES_SB-CMA", "info": "test of IOHexperimenter in python"},
	"attributes": ["evaluations", "raw_y"],
	"scenarios": [
		{"dimension": 5,
		"path": "data_f3_Rastrigin/IOHprofiler_f3_DIM5.dat",
		"runs": [
			{"instance": 4, "evals": 500200, "best": {"evals": 322431, "y": 1.0926539517913456, "x": [3.132010196250963, -2.3040700663710845, 2.326568256857824, 3.913386244520991, 3.1516997312872217]}}
		]}
	]
}
