{
	"version": "0.3.6", 
	"suite": "unknown_suite", 
	"function_id": 4, 
	"function_name": "BuecheRastrigin", 
	"maximization": false, 
	"algorithm": {"name": "CMAES_ModCMA", "info": "test of IOHexperimenter in python"},
	"attributes": ["evaluations", "raw_y"],
	"scenarios": [
		{"dimension": 5,
		"path": "data_f4_BuecheRastrigin/IOHprofiler_f4_DIM5.dat",
		"runs": [
			{"instance": 13, "evals": 1000000, "best": {"evals": 873405, "y": 2.999492292848387, "x": [2.2947709174031226, -0.6319386985257052, 1.0982115359817148, 2.3002622134649484, 2.3063295828939028]}}
		]}
	]
}
