{
	"version": "0.3.6", 
	"suite": "unknown_suite", 
	"function_id": 3, 
	"function_name": "Rastrigin", 
	"maximization": false, 
	"algorithm": {"name": "CMAES_SB-CMA", "info": "test of IOHexperimenter in python"},
	"attributes": ["evaluations", "raw_y"],
	"scenarios": [
		{"dimension": 5,
		"path": "data_f3_Rastrigin/IOHprofiler_f3_DIM5.dat",
		"runs": [
			{"instance": 14, "evals": 20000, "best": {"evals": 3058, "y": 6.1937166409209246, "x": [1.255422285897166, 2.816954824589052, 1.129519011288904, -3.4920593450612176, -1.2450965955004774]}}
		]}
	]
}
