{
	"version": "0.3.6", 
	"suite": "unknown_suite", 
	"function_id": 3, 
	"function_name": "Rastrigin", 
	"maximization": false, 
	"algorithm": {"name": "CMAES_SB-CMA", "info": "test of IOHexperimenter in python"},
	"attributes": ["evaluations", "raw_y"],
	"scenarios": [
		{"dimension": 5,
		"path": "data_f3_Rastrigin/IOHprofiler_f3_DIM5.dat",
		"runs": [
			{"instance": 11, "evals": 20000, "best": {"evals": 344, "y": 46.77971653411335, "x": [-2.47913455346428, -2.988903138664059, -1.5115546760288288, 2.194099736899806, 2.4182292054969214]}}
		]}
	]
}
