{
	"version": "0.3.6", 
	"suite": "unknown_suite", 
	"function_id": 3, 
	"function_name": "Rastrigin", 
	"maximization": false, 
	"algorithm": {"name": "SP[20]-CMA", "info": "test of IOHexperimenter in python"},
	"attributes": ["evaluations", "raw_y"],
	"scenarios": [
		{"dimension": 5,
		"path": "data_f3_Rastrigin/IOHprofiler_f3_DIM5.dat",
		"runs": [
			{"instance": 13, "evals": 500200, "best": {"evals": 156470, "y": 3.0543442820991307, "x": [3.2916292630389323, 0.20600457710052072, 1.0889129236355612, 2.2978781661182155, -2.2613209276858357]}}
		]}
	]
}
