{
	"version": "0.3.6", 
	"suite": "unknown_suite", 
	"function_id": 3, 
	"function_name": "Rastrigin", 
	"maximization": false, 
	"algorithm": {"name": "SP[10]-CMA", "info": "test of IOHexperimenter in python"},
	"attributes": ["evaluations", "raw_y"],
	"scenarios": [
		{"dimension": 5,
		"path": "data_f3_Rastrigin/IOHprofiler_f3_DIM5.dat",
		"runs": [
			{"instance": 6, "evals": 150030, "best": {"evals": 33753, "y": 2.0451108792779915, "x": [-2.681590773978694, -3.0589077472188824, -1.763549362920088, -3.8753191719426114, -0.6750771836761125]}}
		]}
	]
}
