{
	"version": "0.3.6", 
	"suite": "unknown_suite", 
	"function_id": 4, 
	"function_name": "BuecheRastrigin", 
	"maximization": false, 
	"algorithm": {"name": "CMAES_ModCMA", "info": "test of IOHexperimenter in python"},
	"attributes": ["evaluations", "raw_y"],
	"scenarios": [
		{"dimension": 5,
		"path": "data_f4_BuecheRastrigin/IOHprofiler_f4_DIM5.dat",
		"runs": [
			{"instance": 6, "evals": 1000000, "best": {"evals": 261567, "y": 3.0038781023837724, "x": [1.6443793823442607, -3.025250831599613, 1.711251332389822, -3.8941923557133915, 0.3603091750700675]}}
		]}
	]
}
