{
	"version": "0.3.6", 
	"suite": "unknown_suite", 
	"function_id": 3, 
	"function_name": "Rastrigin", 
	"maximization": false, 
	"algorithm": {"name": "ModCMA", "info": "test of IOHexperimenter in python"},
	"attributes": ["evaluations", "raw_y"],
	"scenarios": [
		{"dimension": 5,
		"path": "data_f3_Rastrigin/IOHprofiler_f3_DIM5.dat",
		"runs": [
			{"instance": 4, "evals": 1000000, "best": {"evals": 588659, "y": 0.007675713127040317, "x": [3.120874081763295, -2.294526409014791, 1.7851214890678477, 3.9119535586224004, 3.154025231476234]}}
		]}
	]
}
