{
	"version": "0.3.6", 
	"suite": "unknown_suite", 
	"function_id": 3, 
	"function_name": "Rastrigin", 
	"maximization": false, 
	"algorithm": {"name": "SP[20]-CMA", "info": "test of IOHexperimenter in python"},
	"attributes": ["evaluations", "raw_y"],
	"scenarios": [
		{"dimension": 5,
		"path": "data_f3_Rastrigin/IOHprofiler_f3_DIM5.dat",
		"runs": [
			{"instance": 9, "evals": 500200, "best": {"evals": 331829, "y": 1.1077460265831491, "x": [0.8515435314676421, 3.9239249748212837, 1.1326083214242353, 2.8811372842996943, -1.0082531300164197]}}
		]}
	]
}
