{
	"version": "0.3.6", 
	"suite": "unknown_suite", 
	"function_id": 4, 
	"function_name": "BuecheRastrigin", 
	"maximization": false, 
	"algorithm": {"name": "SP[20]-CMA", "info": "test of IOHexperimenter in python"},
	"attributes": ["evaluations", "raw_y"],
	"scenarios": [
		{"dimension": 5,
		"path": "data_f4_BuecheRastrigin/IOHprofiler_f4_DIM5.dat",
		"runs": [
			{"instance": 7, "evals": 500200, "best": {"evals": 439856, "y": 5.068668238734403, "x": [-0.7980277521788649, -1.4216907789294981, -0.571001459956543, -0.6672551546776659, 0.4462468072427951]}}
		]}
	]
}
