{
	"version": "0.3.6", 
	"suite": "unknown_suite", 
	"function_id": 4, 
	"function_name": "BuecheRastrigin", 
	"maximization": false, 
	"algorithm": {"name": "ModCMA", "info": "test of IOHexperimenter in python"},
	"attributes": ["evaluations", "raw_y"],
	"scenarios": [
		{"dimension": 5,
		"path": "data_f4_BuecheRastrigin/IOHprofiler_f4_DIM5.dat",
		"runs": [
			{"instance": 11, "evals": 1000000, "best": {"evals": 401401, "y": 2.984903616985015, "x": [1.5860271301380704, -1.4567501630321165, 1.492999606593994, 0.9327989682585125, 1.6768028715135348]}}
		]}
	]
}
