{
	"version": "0.3.6", 
	"suite": "unknown_suite", 
	"function_id": 3, 
	"function_name": "Rastrigin", 
	"maximization": false, 
	"algorithm": {"name": "SP[10]-CMA", "info": "test of IOHexperimenter in python"},
	"attributes": ["evaluations", "raw_y"],
	"scenarios": [
		{"dimension": 5,
		"path": "data_f3_Rastrigin/IOHprofiler_f3_DIM5.dat",
		"runs": [
			{"instance": 7, "evals": 150030, "best": {"evals": 102853, "y": 3.1835325286660754, "x": [-0.20491114839674127, -2.216777223387587, -0.6027149821993758, 0.21005620832116756, 1.117833638082937]}}
		]}
	]
}
