{
	"version": "0.3.6", 
	"suite": "unknown_suite", 
	"function_id": 4, 
	"function_name": "BuecheRastrigin", 
	"maximization": false, 
	"algorithm": {"name": "SP-CMA", "info": "test of IOHexperimenter in python"},
	"attributes": ["evaluations", "raw_y"],
	"scenarios": [
		{"dimension": 5,
		"path": "data_f4_BuecheRastrigin/IOHprofiler_f4_DIM5.dat",
		"runs": [
			{"instance": 6, "evals": 500200, "best": {"evals": 471391, "y": 2.0870746385143932, "x": [2.6301617728582003, -3.029243542017156, 1.720063718850899, -3.8945265452257014, 0.36248544566136154]}}
		]}
	]
}
