{
	"version": "0.3.6", 
	"suite": "unknown_suite", 
	"function_id": 3, 
	"function_name": "Rastrigin", 
	"maximization": false, 
	"algorithm": {"name": "ModCMA", "info": "test of IOHexperimenter in python"},
	"attributes": ["evaluations", "raw_y"],
	"scenarios": [
		{"dimension": 5,
		"path": "data_f3_Rastrigin/IOHprofiler_f3_DIM5.dat",
		"runs": [
			{"instance": 6, "evals": 1000000, "best": {"evals": 936235, "y": 0.9975448324034374, "x": [-2.647290212694045, -3.031538583108072, -2.305375535778845, -3.89494203396266, -0.3100035258667988]}}
		]}
	]
}
