{
	"version": "0.3.6", 
	"suite": "unknown_suite", 
	"function_id": 4, 
	"function_name": "BuecheRastrigin", 
	"maximization": false, 
	"algorithm": {"name": "SP[10]-CMA", "info": "test of IOHexperimenter in python"},
	"attributes": ["evaluations", "raw_y"],
	"scenarios": [
		{"dimension": 5,
		"path": "data_f4_BuecheRastrigin/IOHprofiler_f4_DIM5.dat",
		"runs": [
			{"instance": 14, "evals": 150030, "best": {"evals": 27503, "y": 5.97999572004297, "x": [1.2430090815674708, 1.9942851965509523, 0.5326464654671044, -3.0918828181964333, 1.6205909510324694]}}
		]}
	]
}
