{
	"version": "0.3.6", 
	"suite": "unknown_suite", 
	"function_id": 3, 
	"function_name": "Rastrigin", 
	"maximization": false, 
	"algorithm": {"name": "ModCMA", "info": "test of IOHexperimenter in python"},
	"attributes": ["evaluations", "raw_y"],
	"scenarios": [
		{"dimension": 5,
		"path": "data_f3_Rastrigin/IOHprofiler_f3_DIM5.dat",
		"runs": [
			{"instance": 5, "evals": 1000000, "best": {"evals": 434181, "y": 0.028903626259263213, "x": [-3.7731824749475145, 1.4854858795931591, 3.4653874170753034, -1.9641519119587727, -2.4912319864712185]}}
		]}
	]
}
