{
	"version": "0.3.6", 
	"suite": "unknown_suite", 
	"function_id": 4, 
	"function_name": "BuecheRastrigin", 
	"maximization": false, 
	"algorithm": {"name": "ModCMA", "info": "test of IOHexperimenter in python"},
	"attributes": ["evaluations", "raw_y"],
	"scenarios": [
		{"dimension": 5,
		"path": "data_f4_BuecheRastrigin/IOHprofiler_f4_DIM5.dat",
		"runs": [
			{"instance": 14, "evals": 1000000, "best": {"evals": 86028, "y": 3.0094876702276814, "x": [2.2051546684478938, 2.80141945120734, 0.5266824674720044, -3.092124141214647, 1.3114956787464842]}}
		]}
	]
}
