{
	"version": "0.3.6", 
	"suite": "unknown_suite", 
	"function_id": 3, 
	"function_name": "Rastrigin", 
	"maximization": false, 
	"algorithm": {"name": "ModCMA", "info": "test of IOHexperimenter in python"},
	"attributes": ["evaluations", "raw_y"],
	"scenarios": [
		{"dimension": 5,
		"path": "data_f3_Rastrigin/IOHprofiler_f3_DIM5.dat",
		"runs": [
			{"instance": 14, "evals": 1000000, "best": {"evals": 959296, "y": 1.0094869105677038, "x": [3.1988610719758572, 2.8013736891744587, 0.5308720952532467, -3.0924928668698257, -1.62058564612623]}}
		]}
	]
}
