{
	"version": "0.3.6", 
	"suite": "unknown_suite", 
	"function_id": 4, 
	"function_name": "BuecheRastrigin", 
	"maximization": false, 
	"algorithm": {"name": "ModCMA", "info": "test of IOHexperimenter in python"},
	"attributes": ["evaluations", "raw_y"],
	"scenarios": [
		{"dimension": 5,
		"path": "data_f4_BuecheRastrigin/IOHprofiler_f4_DIM5.dat",
		"runs": [
			{"instance": 3, "evals": 1000000, "best": {"evals": 593005, "y": 2.990566437642462, "x": [1.182755391434608, -0.9811459954812275, -0.3503366634307884, 3.087047311478206, 3.2947164704059695]}}
		]}
	]
}
