{
	"version": "0.3.6", 
	"suite": "unknown_suite", 
	"function_id": 3, 
	"function_name": "Rastrigin", 
	"maximization": false, 
	"algorithm": {"name": "CMAES_SB-CMA", "info": "test of IOHexperimenter in python"},
	"attributes": ["evaluations", "raw_y"],
	"scenarios": [
		{"dimension": 5,
		"path": "data_f3_Rastrigin/IOHprofiler_f3_DIM5.dat",
		"runs": [
			{"instance": 15, "evals": 500200, "best": {"evals": 95844, "y": 1.0553584220019556, "x": [-3.882728037940986, 2.3707394263545933, 0.5879065303278833, 3.7411554602786152, 1.9040267172050496]}}
		]}
	]
}
