{
	"version": "0.3.6", 
	"suite": "unknown_suite", 
	"function_id": 3, 
	"function_name": "Rastrigin", 
	"maximization": false, 
	"algorithm": {"name": "CMAES_ModCMA", "info": "test of IOHexperimenter in python"},
	"attributes": ["evaluations", "raw_y"],
	"scenarios": [
		{"dimension": 5,
		"path": "data_f3_Rastrigin/IOHprofiler_f3_DIM5.dat",
		"runs": [
			{"instance": 10, "evals": 100000, "best": {"evals": 59230, "y": 2.0285508951354005, "x": [-3.247139841437356, -0.6261801836805699, -3.292467847304097, -0.8252673869413403, 2.867289652719492]}}
		]}
	]
}
