{
	"version": "0.3.6", 
	"suite": "unknown_suite", 
	"function_id": 3, 
	"function_name": "Rastrigin", 
	"maximization": false, 
	"algorithm": {"name": "CMAES_ModCMA", "info": "test of IOHexperimenter in python"},
	"attributes": ["evaluations", "raw_y"],
	"scenarios": [
		{"dimension": 5,
		"path": "data_f3_Rastrigin/IOHprofiler_f3_DIM5.dat",
		"runs": [
			{"instance": 3, "evals": 1000000, "best": {"evals": 782066, "y": 0.06295511022444394, "x": [-2.1766315869976975, -0.9892789130938764, 0.24809418701113609, 3.087226552485149, -3.6002219488281146]}}
		]}
	]
}
