{
	"version": "0.3.6", 
	"suite": "unknown_suite", 
	"function_id": 3, 
	"function_name": "Rastrigin", 
	"maximization": false, 
	"algorithm": {"name": "CMAES_ModCMA", "info": "test of IOHexperimenter in python"},
	"attributes": ["evaluations", "raw_y"],
	"scenarios": [
		{"dimension": 5,
		"path": "data_f3_Rastrigin/IOHprofiler_f3_DIM5.dat",
		"runs": [
			{"instance": 2, "evals": 1000000, "best": {"evals": 331092, "y": 0.01946087806729881, "x": [2.3982372340607223, -0.8576569732759254, -1.2752203839447696, 3.322131329985177, -2.4663784149527195]}}
		]}
	]
}
