{
	"version": "0.3.6", 
	"suite": "unknown_suite", 
	"function_id": 4, 
	"function_name": "BuecheRastrigin", 
	"maximization": false, 
	"algorithm": {"name": "SP-CMA", "info": "test of IOHexperimenter in python"},
	"attributes": ["evaluations", "raw_y"],
	"scenarios": [
		{"dimension": 5,
		"path": "data_f4_BuecheRastrigin/IOHprofiler_f4_DIM5.dat",
		"runs": [
			{"instance": 2, "evals": 500200, "best": {"evals": 335385, "y": 2.5506724993207603, "x": [2.390983337868863, -0.015017383895844755, 1.2469468118763407, 3.7718240656671433, 2.4630617602603104]}}
		]}
	]
}
