{
	"version": "0.3.6", 
	"suite": "unknown_suite", 
	"function_id": 3, 
	"function_name": "Rastrigin", 
	"maximization": false, 
	"algorithm": {"name": "SP-CMA", "info": "test of IOHexperimenter in python"},
	"attributes": ["evaluations", "raw_y"],
	"scenarios": [
		{"dimension": 5,
		"path": "data_f3_Rastrigin/IOHprofiler_f3_DIM5.dat",
		"runs": [
			{"instance": 2, "evals": 500200, "best": {"evals": 499203, "y": 2.1458698418067756, "x": [2.3870674359482646, -0.024783240165962964, -1.8486835554664311, 3.3193189887999335, -2.462830144992966]}}
		]}
	]
}
