{
	"version": "0.3.6", 
	"suite": "unknown_suite", 
	"function_id": 3, 
	"function_name": "Rastrigin", 
	"maximization": false, 
	"algorithm": {"name": "CMAES_ModCMA", "info": "test of IOHexperimenter in python"},
	"attributes": ["evaluations", "raw_y"],
	"scenarios": [
		{"dimension": 5,
		"path": "data_f3_Rastrigin/IOHprofiler_f3_DIM5.dat",
		"runs": [
			{"instance": 7, "evals": 1000000, "best": {"evals": 968781, "y": 0.02070202297945743, "x": [-0.19586776842603665, -2.232053065350564, -0.02077279060088875, -0.2587181896657282, 0.762947616675161]}}
		]}
	]
}
