{
	"version": "0.3.6", 
	"suite": "unknown_suite", 
	"function_id": 4, 
	"function_name": "BuecheRastrigin", 
	"maximization": false, 
	"algorithm": {"name": "SP[20]-CMA", "info": "test of IOHexperimenter in python"},
	"attributes": ["evaluations", "raw_y"],
	"scenarios": [
		{"dimension": 5,
		"path": "data_f4_BuecheRastrigin/IOHprofiler_f4_DIM5.dat",
		"runs": [
			{"instance": 6, "evals": 500200, "best": {"evals": 339519, "y": 2.9975396744400076, "x": [1.6502505581489195, -2.2043379020399025, 1.7121422530912518, -3.89297289936077, 0.6703137255853328]}}
		]}
	]
}
