{
	"version": "0.3.6", 
	"suite": "unknown_suite", 
	"function_id": 3, 
	"function_name": "Rastrigin", 
	"maximization": false, 
	"algorithm": {"name": "SP-CMA", "info": "test of IOHexperimenter in python"},
	"attributes": ["evaluations", "raw_y"],
	"scenarios": [
		{"dimension": 5,
		"path": "data_f3_Rastrigin/IOHprofiler_f3_DIM5.dat",
		"runs": [
			{"instance": 7, "evals": 500200, "best": {"evals": 499869, "y": 2.9953413432595424, "x": [-0.1761076257372461, -1.3765028651652678, -0.6083082278968018, -0.2825154885985915, 0.7630727266654]}}
		]}
	]
}
