{
	"version": "0.3.6", 
	"suite": "unknown_suite", 
	"function_id": 4, 
	"function_name": "BuecheRastrigin", 
	"maximization": false, 
	"algorithm": {"name": "CMAES_ModCMA", "info": "test of IOHexperimenter in python"},
	"attributes": ["evaluations", "raw_y"],
	"scenarios": [
		{"dimension": 5,
		"path": "data_f4_BuecheRastrigin/IOHprofiler_f4_DIM5.dat",
		"runs": [
			{"instance": 10, "evals": 1000000, "best": {"evals": 514925, "y": 3.022574350793948, "x": [2.252975126946672, -1.4542331283130272, 2.09482301290579, -0.8252635740073857, 2.5503470489606284]}}
		]}
	]
}
