{
	"version": "0.3.6", 
	"suite": "unknown_suite", 
	"function_id": 3, 
	"function_name": "Rastrigin", 
	"maximization": false, 
	"algorithm": {"name": "SP[10]-CMA", "info": "test of IOHexperimenter in python"},
	"attributes": ["evaluations", "raw_y"],
	"scenarios": [
		{"dimension": 5,
		"path": "data_f3_Rastrigin/IOHprofiler_f3_DIM5.dat",
		"runs": [
			{"instance": 1, "evals": 150030, "best": {"evals": 91322, "y": 2.0261380277859367, "x": [-2.3617173145411714, 2.325041431528508, 1.6607588690162514, 0.7159157811480246, 2.302664165566198]}}
		]}
	]
}
