{
	"version": "0.3.6", 
	"suite": "unknown_suite", 
	"function_id": 4, 
	"function_name": "BuecheRastrigin", 
	"maximization": false, 
	"algorithm": {"name": "SP-CMA", "info": "test of IOHexperimenter in python"},
	"attributes": ["evaluations", "raw_y"],
	"scenarios": [
		{"dimension": 5,
		"path": "data_f4_BuecheRastrigin/IOHprofiler_f4_DIM5.dat",
		"runs": [
			{"instance": 15, "evals": 500200, "best": {"evals": 215277, "y": 1.0051773506934638, "x": [3.8838718780172865, 3.172885407937909, -0.0028810243226806065, 3.737847893416396, 1.9058481713728919]}}
		]}
	]
}
