{
	"version": "0.3.6", 
	"suite": "unknown_suite", 
	"function_id": 4, 
	"function_name": "BuecheRastrigin", 
	"maximization": false, 
	"algorithm": {"name": "ModCMA", "info": "test of IOHexperimenter in python"},
	"attributes": ["evaluations", "raw_y"],
	"scenarios": [
		{"dimension": 5,
		"path": "data_f4_BuecheRastrigin/IOHprofiler_f4_DIM5.dat",
		"runs": [
			{"instance": 8, "evals": 1000000, "best": {"evals": 442412, "y": 2.008216785153131, "x": [1.5688104156397864, -0.8192814479817101, -0.41970891526108295, 3.1175369524903993, 2.6329907124733656]}}
		]}
	]
}
