{
	"version": "0.3.6", 
	"suite": "unknown_suite", 
	"function_id": 3, 
	"function_name": "Rastrigin", 
	"maximization": false, 
	"algorithm": {"name": "CMAES_ModCMA", "info": "test of IOHexperimenter in python"},
	"attributes": ["evaluations", "raw_y"],
	"scenarios": [
		{"dimension": 5,
		"path": "data_f3_Rastrigin/IOHprofiler_f3_DIM5.dat",
		"runs": [
			{"instance": 11, "evals": 1000000, "best": {"evals": 675794, "y": 0.0001966948326429998, "x": [-2.58148321419937, -2.276060458781234, -2.088642361831508, 0.9327151126262808, 1.6767726830778218]}}
		]}
	]
}
