{
	"version": "0.3.6", 
	"suite": "unknown_suite", 
	"function_id": 3, 
	"function_name": "Rastrigin", 
	"maximization": false, 
	"algorithm": {"name": "CMAES_SB-CMA", "info": "test of IOHexperimenter in python"},
	"attributes": ["evaluations", "raw_y"],
	"scenarios": [
		{"dimension": 5,
		"path": "data_f3_Rastrigin/IOHprofiler_f3_DIM5.dat",
		"runs": [
			{"instance": 10, "evals": 20000, "best": {"evals": 679, "y": 27.39116080699742, "x": [-3.3949452551121837, -2.2937168722685817, -2.8263953945294724, -2.0385494176221557, 3.2431543322391634]}}
		]}
	]
}
