{
	"version": "0.3.6", 
	"suite": "unknown_suite", 
	"function_id": 4, 
	"function_name": "BuecheRastrigin", 
	"maximization": false, 
	"algorithm": {"name": "CMAES_SB-CMA", "info": "test of IOHexperimenter in python"},
	"attributes": ["evaluations", "raw_y"],
	"scenarios": [
		{"dimension": 5,
		"path": "data_f4_BuecheRastrigin/IOHprofiler_f4_DIM5.dat",
		"runs": [
			{"instance": 6, "evals": 20000, "best": {"evals": 10593, "y": 6.969260229493903, "x": [1.6500851428366612, -1.4129712384693094, 1.711146726322032, -3.452113248204412, 0.6703148517011416]}}
		]}
	]
}
