{
	"version": "0.3.6", 
	"suite": "unknown_suite", 
	"function_id": 3, 
	"function_name": "Rastrigin", 
	"maximization": false, 
	"algorithm": {"name": "ModCMA", "info": "test of IOHexperimenter in python"},
	"attributes": ["evaluations", "raw_y"],
	"scenarios": [
		{"dimension": 5,
		"path": "data_f3_Rastrigin/IOHprofiler_f3_DIM5.dat",
		"runs": [
			{"instance": 2, "evals": 1000000, "best": {"evals": 705751, "y": 0.12254522662204688, "x": [2.39542360593955, -0.8429525905147808, -1.2724972456292365, 3.32404332287528, -2.469271661674512]}}
		]}
	]
}
