{
	"version": "0.3.6", 
	"suite": "unknown_suite", 
	"function_id": 3, 
	"function_name": "Rastrigin", 
	"maximization": false, 
	"algorithm": {"name": "SP-CMA", "info": "test of IOHexperimenter in python"},
	"attributes": ["evaluations", "raw_y"],
	"scenarios": [
		{"dimension": 5,
		"path": "data_f3_Rastrigin/IOHprofiler_f3_DIM5.dat",
		"runs": [
			{"instance": 12, "evals": 500200, "best": {"evals": 281048, "y": 6.065880220658556, "x": [1.5610084019251462, 4.429631665802452, 3.8599719867768623, 0.847236137136588, 0.9199299437919919]}}
		]}
	]
}
