{
	"version": "0.3.6", 
	"suite": "unknown_suite", 
	"function_id": 3, 
	"function_name": "Rastrigin", 
	"maximization": false, 
	"algorithm": {"name": "ModCMA", "info": "test of IOHexperimenter in python"},
	"attributes": ["evaluations", "raw_y"],
	"scenarios": [
		{"dimension": 5,
		"path": "data_f3_Rastrigin/IOHprofiler_f3_DIM5.dat",
		"runs": [
			{"instance": 9, "evals": 1000000, "best": {"evals": 920024, "y": 0.2298609513403144, "x": [0.826125042733617, 3.9249655477231378, 1.73206896769693, 2.8775439520808472, -1.0017376102370796]}}
		]}
	]
}
