{
	"version": "0.3.6", 
	"suite": "unknown_suite", 
	"function_id": 3, 
	"function_name": "Rastrigin", 
	"maximization": false, 
	"algorithm": {"name": "CMAES_ModCMA", "info": "test of IOHexperimenter in python"},
	"attributes": ["evaluations", "raw_y"],
	"scenarios": [
		{"dimension": 5,
		"path": "data_f3_Rastrigin/IOHprofiler_f3_DIM5.dat",
		"runs": [
			{"instance": 7, "evals": 100000, "best": {"evals": 77205, "y": 0.0008449408440325026, "x": [-0.2020771314845895, -2.2328093675463476, -0.02482089807261554, -0.25992801705469903, 0.7617184812720756]}}
		]}
	]
}
