{
	"version": "0.3.6", 
	"suite": "unknown_suite", 
	"function_id": 3, 
	"function_name": "Rastrigin", 
	"maximization": false, 
	"algorithm": {"name": "SP[10]-CMA", "info": "test of IOHexperimenter in python"},
	"attributes": ["evaluations", "raw_y"],
	"scenarios": [
		{"dimension": 5,
		"path": "data_f3_Rastrigin/IOHprofiler_f3_DIM5.dat",
		"runs": [
			{"instance": 10, "evals": 150030, "best": {"evals": 37648, "y": 1.6564815048627126, "x": [-3.2356387490924017, -1.4803247867840277, -2.7044286685478096, -1.250255873710588, 2.871747758553883]}}
		]}
	]
}
