{
	"version": "0.3.6", 
	"suite": "unknown_suite", 
	"function_id": 4, 
	"function_name": "BuecheRastrigin", 
	"maximization": false, 
	"algorithm": {"name": "SP[20]-CMA", "info": "test of IOHexperimenter in python"},
	"attributes": ["evaluations", "raw_y"],
	"scenarios": [
		{"dimension": 5,
		"path": "data_f4_BuecheRastrigin/IOHprofiler_f4_DIM5.dat",
		"runs": [
			{"instance": 12, "evals": 500200, "best": {"evals": 72312, "y": 3.0006702337302786, "x": [3.5142577332201763, 4.43471318858589, 3.2627448546181266, 0.4470282215196134, 0.5526990110915719]}}
		]}
	]
}
