{
	"version": "0.3.6", 
	"suite": "unknown_suite", 
	"function_id": 3, 
	"function_name": "Rastrigin", 
	"maximization": false, 
	"algorithm": {"name": "CMAES_SB-CMA", "info": "test of IOHexperimenter in python"},
	"attributes": ["evaluations", "raw_y"],
	"scenarios": [
		{"dimension": 5,
		"path": "data_f3_Rastrigin/IOHprofiler_f3_DIM5.dat",
		"runs": [
			{"instance": 13, "evals": 500200, "best": {"evals": 159647, "y": 2.168452814038531, "x": [2.308905565806615, -0.6394989226544786, 1.7021131402026075, 2.2923930572718287, -2.929900203474922]}}
		]}
	]
}
