{
	"version": "0.3.6", 
	"suite": "unknown_suite", 
	"function_id": 3, 
	"function_name": "Rastrigin", 
	"maximization": false, 
	"algorithm": {"name": "ModCMA", "info": "test of IOHexperimenter in python"},
	"attributes": ["evaluations", "raw_y"],
	"scenarios": [
		{"dimension": 5,
		"path": "data_f3_Rastrigin/IOHprofiler_f3_DIM5.dat",
		"runs": [
			{"instance": 10, "evals": 1000000, "best": {"evals": 72366, "y": 0.003406939211862902, "x": [-3.253275848494398, -1.4591142430151127, -2.694383030076899, -0.826338482963197, 2.8637044100471236]}}
		]}
	]
}
