{
	"version": "0.3.6", 
	"suite": "unknown_suite", 
	"function_id": 3, 
	"function_name": "Rastrigin", 
	"maximization": false, 
	"algorithm": {"name": "CMAES_ModCMA", "info": "test of IOHexperimenter in python"},
	"attributes": ["evaluations", "raw_y"],
	"scenarios": [
		{"dimension": 5,
		"path": "data_f3_Rastrigin/IOHprofiler_f3_DIM5.dat",
		"runs": [
			{"instance": 6, "evals": 1000000, "best": {"evals": 340579, "y": 0.0007489048234698922, "x": [-2.6447468240330987, -3.0290571915567255, -2.30449639710847, -3.8947059035371, -0.6699662887642741]}}
		]}
	]
}
