{
	"version": "0.3.6", 
	"suite": "unknown_suite", 
	"function_id": 3, 
	"function_name": "Rastrigin", 
	"maximization": false, 
	"algorithm": {"name": "CMAES_ModCMA", "info": "test of IOHexperimenter in python"},
	"attributes": ["evaluations", "raw_y"],
	"scenarios": [
		{"dimension": 5,
		"path": "data_f3_Rastrigin/IOHprofiler_f3_DIM5.dat",
		"runs": [
			{"instance": 2, "evals": 1000000, "best": {"evals": 631811, "y": 1.0038401375743637, "x": [2.4017745054444903, -0.8523493999117462, -1.271297575081549, 3.3246235354480635, -2.103598641443996]}}
		]}
	]
}
