{
	"version": "0.3.6", 
	"suite": "unknown_suite", 
	"function_id": 3, 
	"function_name": "Rastrigin", 
	"maximization": false, 
	"algorithm": {"name": "SP-CMA", "info": "test of IOHexperimenter in python"},
	"attributes": ["evaluations", "raw_y"],
	"scenarios": [
		{"dimension": 5,
		"path": "data_f3_Rastrigin/IOHprofiler_f3_DIM5.dat",
		"runs": [
			{"instance": 3, "evals": 500200, "best": {"evals": 443307, "y": 1.1111032426434244, "x": [-2.1957573661328667, -0.9787981463977958, 0.2439283530100376, 2.6886264990478637, -3.6051089309963027]}}
		]}
	]
}
