{
	"version": "0.3.6", 
	"suite": "unknown_suite", 
	"function_id": 3, 
	"function_name": "Rastrigin", 
	"maximization": false, 
	"algorithm": {"name": "SP[20]-CMA", "info": "test of IOHexperimenter in python"},
	"attributes": ["evaluations", "raw_y"],
	"scenarios": [
		{"dimension": 5,
		"path": "data_f3_Rastrigin/IOHprofiler_f3_DIM5.dat",
		"runs": [
			{"instance": 8, "evals": 500200, "best": {"evals": 286010, "y": 1.6024441556851268, "x": [-1.6043767884053615, -0.008003785037830453, -0.1910728623393852, 3.118941221745758, 2.950183000429183]}}
		]}
	]
}
