{
	"version": "0.3.6", 
	"suite": "unknown_suite", 
	"function_id": 3, 
	"function_name": "Rastrigin", 
	"maximization": false, 
	"algorithm": {"name": "CMAES_SB-CMA", "info": "test of IOHexperimenter in python"},
	"attributes": ["evaluations", "raw_y"],
	"scenarios": [
		{"dimension": 5,
		"path": "data_f3_Rastrigin/IOHprofiler_f3_DIM5.dat",
		"runs": [
			{"instance": 3, "evals": 500200, "best": {"evals": 499519, "y": 2.9856321389462686, "x": [-2.17915819559725, -0.15178182417509903, -0.35060300757980456, 3.089512139114461, -3.2439301835462273]}}
		]}
	]
}
