{
	"version": "0.3.6", 
	"suite": "unknown_suite", 
	"function_id": 4, 
	"function_name": "BuecheRastrigin", 
	"maximization": false, 
	"algorithm": {"name": "ModCMA", "info": "test of IOHexperimenter in python"},
	"attributes": ["evaluations", "raw_y"],
	"scenarios": [
		{"dimension": 5,
		"path": "data_f4_BuecheRastrigin/IOHprofiler_f4_DIM5.dat",
		"runs": [
			{"instance": 9, "evals": 1000000, "best": {"evals": 420669, "y": 2.025465930697597, "x": [0.8347720399487613, 3.9236747598386286, 1.1097244020886958, 2.876219943631915, 0.6975099583028284]}}
		]}
	]
}
