{
	"version": "0.3.6", 
	"suite": "unknown_suite", 
	"function_id": 3, 
	"function_name": "Rastrigin", 
	"maximization": false, 
	"algorithm": {"name": "CMAES_ModCMA", "info": "test of IOHexperimenter in python"},
	"attributes": ["evaluations", "raw_y"],
	"scenarios": [
		{"dimension": 5,
		"path": "data_f3_Rastrigin/IOHprofiler_f3_DIM5.dat",
		"runs": [
			{"instance": 12, "evals": 100000, "best": {"evals": 67099, "y": 2.0568081035301207, "x": [3.5213233229659213, 4.443736497894834, 3.855711787128301, 0.8480993413690496, 0.9240645782715516]}}
		]}
	]
}
