{
	"version": "0.3.6", 
	"suite": "unknown_suite", 
	"function_id": 3, 
	"function_name": "Rastrigin", 
	"maximization": false, 
	"algorithm": {"name": "CMAES_ModCMA", "info": "test of IOHexperimenter in python"},
	"attributes": ["evaluations", "raw_y"],
	"scenarios": [
		{"dimension": 5,
		"path": "data_f3_Rastrigin/IOHprofiler_f3_DIM5.dat",
		"runs": [
			{"instance": 13, "evals": 1000000, "best": {"evals": 862957, "y": 0.07389047511791336, "x": [3.2918287524945873, -0.6356347622143178, 1.700975202696544, 2.2933180529932273, -2.6168256687798315]}}
		]}
	]
}
