{
	"version": "0.3.6", 
	"suite": "unknown_suite", 
	"function_id": 3, 
	"function_name": "Rastrigin", 
	"maximization": false, 
	"algorithm": {"name": "SP[10]-CMA", "info": "test of IOHexperimenter in python"},
	"attributes": ["evaluations", "raw_y"],
	"scenarios": [
		{"dimension": 5,
		"path": "data_f3_Rastrigin/IOHprofiler_f3_DIM5.dat",
		"runs": [
			{"instance": 9, "evals": 150030, "best": {"evals": 2371, "y": 2.9981674648323184, "x": [0.8342884442439493, 4.748830431364189, 1.7146022415656414, 2.472967180726362, -0.6508742039165568]}}
		]}
	]
}
