{
	"version": "0.3.6", 
	"suite": "unknown_suite", 
	"function_id": 4, 
	"function_name": "BuecheRastrigin", 
	"maximization": false, 
	"algorithm": {"name": "ModCMA", "info": "test of IOHexperimenter in python"},
	"attributes": ["evaluations", "raw_y"],
	"scenarios": [
		{"dimension": 5,
		"path": "data_f4_BuecheRastrigin/IOHprofiler_f4_DIM5.dat",
		"runs": [
			{"instance": 8, "evals": 1000000, "best": {"evals": 593247, "y": 2.985896511102446, "x": [0.5758708281016979, -0.8192241750637083, -0.42618043030338765, 3.117305345915119, 2.6341610641189015]}}
		]}
	]
}
