{
	"version": "0.3.6", 
	"suite": "unknown_suite", 
	"function_id": 3, 
	"function_name": "Rastrigin", 
	"maximization": false, 
	"algorithm": {"name": "ModCMA", "info": "test of IOHexperimenter in python"},
	"attributes": ["evaluations", "raw_y"],
	"scenarios": [
		{"dimension": 5,
		"path": "data_f3_Rastrigin/IOHprofiler_f3_DIM5.dat",
		"runs": [
			{"instance": 11, "evals": 1000000, "best": {"evals": 416095, "y": 0.004752162377257824, "x": [-2.5836955395563486, -2.276110512713103, -2.086559530553806, 0.9323655865299056, 1.676292550331089]}}
		]}
	]
}
