{
	"version": "0.3.6", 
	"suite": "unknown_suite", 
	"function_id": 4, 
	"function_name": "BuecheRastrigin", 
	"maximization": false, 
	"algorithm": {"name": "SP-CMA", "info": "test of IOHexperimenter in python"},
	"attributes": ["evaluations", "raw_y"],
	"scenarios": [
		{"dimension": 5,
		"path": "data_f4_BuecheRastrigin/IOHprofiler_f4_DIM5.dat",
		"runs": [
			{"instance": 3, "evals": 500200, "best": {"evals": 40041, "y": 4.097231882206166, "x": [1.1918799437359655, -1.7859631714255941, -0.3580911929210279, 2.6896394693150834, 3.6045590822418188]}}
		]}
	]
}
