{
	"version": "0.3.6", 
	"suite": "unknown_suite", 
	"function_id": 3, 
	"function_name": "Rastrigin", 
	"maximization": false, 
	"algorithm": {"name": "SP[20]-CMA", "info": "test of IOHexperimenter in python"},
	"attributes": ["evaluations", "raw_y"],
	"scenarios": [
		{"dimension": 5,
		"path": "data_f3_Rastrigin/IOHprofiler_f3_DIM5.dat",
		"runs": [
			{"instance": 6, "evals": 500200, "best": {"evals": 420462, "y": 6.095012914786912, "x": [-2.6451907280459324, -1.5063688163260813, -2.908163626109939, -3.888784192202284, -0.3039077731393557]}}
		]}
	]
}
