{
	"version": "0.3.6", 
	"suite": "unknown_suite", 
	"function_id": 3, 
	"function_name": "Rastrigin", 
	"maximization": false, 
	"algorithm": {"name": "SP-CMA", "info": "test of IOHexperimenter in python"},
	"attributes": ["evaluations", "raw_y"],
	"scenarios": [
		{"dimension": 5,
		"path": "data_f3_Rastrigin/IOHprofiler_f3_DIM5.dat",
		"runs": [
			{"instance": 10, "evals": 500200, "best": {"evals": 172466, "y": 2.020204139270991, "x": [-3.2423833451642086, -0.6228171440245901, -2.1481363679986085, -0.823070846657259, 2.863926183626592]}}
		]}
	]
}
