{
	"version": "0.3.6", 
	"suite": "unknown_suite", 
	"function_id": 3, 
	"function_name": "Rastrigin", 
	"maximization": false, 
	"algorithm": {"name": "SP-CMA", "info": "test of IOHexperimenter in python"},
	"attributes": ["evaluations", "raw_y"],
	"scenarios": [
		{"dimension": 5,
		"path": "data_f3_Rastrigin/IOHprofiler_f3_DIM5.dat",
		"runs": [
			{"instance": 1, "evals": 500200, "best": {"evals": 181208, "y": 1.166542191612491, "x": [-2.342162496169058, 3.1137584677691432, 2.2094346846044823, 0.718227155107172, 2.298703659312475]}}
		]}
	]
}
