{
	"version": "0.3.6", 
	"suite": "unknown_suite", 
	"function_id": 3, 
	"function_name": "Rastrigin", 
	"maximization": false, 
	"algorithm": {"name": "SP[20]-CMA", "info": "test of IOHexperimenter in python"},
	"attributes": ["evaluations", "raw_y"],
	"scenarios": [
		{"dimension": 5,
		"path": "data_f3_Rastrigin/IOHprofiler_f3_DIM5.dat",
		"runs": [
			{"instance": 10, "evals": 500200, "best": {"evals": 81885, "y": 1.9982535047131238, "x": [-3.2467146814494927, -2.2629091568241146, -2.698072989301691, -0.8256952047279358, 3.2230765209999417]}}
		]}
	]
}
