{
	"version": "0.3.6", 
	"suite": "unknown_suite", 
	"function_id": 4, 
	"function_name": "BuecheRastrigin", 
	"maximization": false, 
	"algorithm": {"name": "SP[20]-CMA", "info": "test of IOHexperimenter in python"},
	"attributes": ["evaluations", "raw_y"],
	"scenarios": [
		{"dimension": 5,
		"path": "data_f4_BuecheRastrigin/IOHprofiler_f4_DIM5.dat",
		"runs": [
			{"instance": 3, "evals": 500200, "best": {"evals": 394648, "y": 3.0065080928443746, "x": [1.1756501530820125, -0.9824017797411725, -0.35389157410105926, 3.5332305749664235, 3.6046497454944677]}}
		]}
	]
}
