{
	"version": "0.3.6", 
	"suite": "unknown_suite", 
	"function_id": 3, 
	"function_name": "Rastrigin", 
	"maximization": false, 
	"algorithm": {"name": "CMAES_SB-CMA", "info": "test of IOHexperimenter in python"},
	"attributes": ["evaluations", "raw_y"],
	"scenarios": [
		{"dimension": 5,
		"path": "data_f3_Rastrigin/IOHprofiler_f3_DIM5.dat",
		"runs": [
			{"instance": 12, "evals": 500200, "best": {"evals": 37922, "y": 2.12612954595701, "x": [2.53270746758364, 3.6006998960091066, 4.403596348025483, 0.8555886169841057, 0.5571764002354114]}}
		]}
	]
}
