{
	"version": "0.3.6", 
	"suite": "unknown_suite", 
	"function_id": 4, 
	"function_name": "BuecheRastrigin", 
	"maximization": false, 
	"algorithm": {"name": "CMAES_ModCMA", "info": "test of IOHexperimenter in python"},
	"attributes": ["evaluations", "raw_y"],
	"scenarios": [
		{"dimension": 5,
		"path": "data_f4_BuecheRastrigin/IOHprofiler_f4_DIM5.dat",
		"runs": [
			{"instance": 11, "evals": 1000000, "best": {"evals": 323330, "y": 3.0156240022192646, "x": [1.5873901526080714, -2.279877487140312, 1.4839699585760522, 0.9327247090068924, 1.3670424657173788]}}
		]}
	]
}
