{
	"version": "0.3.6", 
	"suite": "unknown_suite", 
	"function_id": 4, 
	"function_name": "BuecheRastrigin", 
	"maximization": false, 
	"algorithm": {"name": "CMAES_SB-CMA", "info": "test of IOHexperimenter in python"},
	"attributes": ["evaluations", "raw_y"],
	"scenarios": [
		{"dimension": 5,
		"path": "data_f4_BuecheRastrigin/IOHprofiler_f4_DIM5.dat",
		"runs": [
			{"instance": 11, "evals": 500200, "best": {"evals": 178651, "y": 3.27364943176288, "x": [1.5955700959949293, -1.4951000048155307, 2.0874280521427853, 0.5285728035168368, 1.6708910829068264]}}
		]}
	]
}
