{
	"version": "0.3.6", 
	"suite": "unknown_suite", 
	"function_id": 4, 
	"function_name": "BuecheRastrigin", 
	"maximization": false, 
	"algorithm": {"name": "ModCMA", "info": "test of IOHexperimenter in python"},
	"attributes": ["evaluations", "raw_y"],
	"scenarios": [
		{"dimension": 5,
		"path": "data_f4_BuecheRastrigin/IOHprofiler_f4_DIM5.dat",
		"runs": [
			{"instance": 1, "evals": 1000000, "best": {"evals": 357379, "y": 1.9942507228600754, "x": [1.3440394716011623, 2.301365615951604, 1.6153780576140826, 0.729006805341175, 2.298468014835197]}}
		]}
	]
}
