{
	"version": "0.3.6", 
	"suite": "unknown_suite", 
	"function_id": 4, 
	"function_name": "BuecheRastrigin", 
	"maximization": false, 
	"algorithm": {"name": "ModCMA", "info": "test of IOHexperimenter in python"},
	"attributes": ["evaluations", "raw_y"],
	"scenarios": [
		{"dimension": 5,
		"path": "data_f4_BuecheRastrigin/IOHprofiler_f4_DIM5.dat",
		"runs": [
			{"instance": 3, "evals": 1000000, "best": {"evals": 931681, "y": 2.9875434511540964, "x": [1.1807470625432996, -0.9854584450160365, -0.3521383100942779, 3.0890363262286775, 3.2946940609222555]}}
		]}
	]
}
