{
	"version": "0.3.6", 
	"suite": "unknown_suite", 
	"function_id": 4, 
	"function_name": "BuecheRastrigin", 
	"maximization": false, 
	"algorithm": {"name": "CMAES_SB-CMA", "info": "test of IOHexperimenter in python"},
	"attributes": ["evaluations", "raw_y"],
	"scenarios": [
		{"dimension": 5,
		"path": "data_f4_BuecheRastrigin/IOHprofiler_f4_DIM5.dat",
		"runs": [
			{"instance": 14, "evals": 20000, "best": {"evals": 14700, "y": 10.326522985640963, "x": [1.2777981113610197, 3.6137428792964874, 0.5520463950658702, -3.088139069394318, 0.9449413720280789]}}
		]}
	]
}
