{
	"version": "0.3.6", 
	"suite": "unknown_suite", 
	"function_id": 3, 
	"function_name": "Rastrigin", 
	"maximization": false, 
	"algorithm": {"name": "SP-CMA", "info": "test of IOHexperimenter in python"},
	"attributes": ["evaluations", "raw_y"],
	"scenarios": [
		{"dimension": 5,
		"path": "data_f3_Rastrigin/IOHprofiler_f3_DIM5.dat",
		"runs": [
			{"instance": 9, "evals": 500200, "best": {"evals": 424012, "y": 3.0134606342685375, "x": [-0.15754783523170862, 3.9216117620180264, 1.118111678453573, 2.8826849187598818, -0.6457208857876316]}}
		]}
	]
}
