{
	"version": "0.3.6", 
	"suite": "unknown_suite", 
	"function_id": 3, 
	"function_name": "Rastrigin", 
	"maximization": false, 
	"algorithm": {"name": "ModCMA", "info": "test of IOHexperimenter in python"},
	"attributes": ["evaluations", "raw_y"],
	"scenarios": [
		{"dimension": 5,
		"path": "data_f3_Rastrigin/IOHprofiler_f3_DIM5.dat",
		"runs": [
			{"instance": 2, "evals": 1000000, "best": {"evals": 5022, "y": 0.002187146663233411, "x": [2.3955588970056927, -0.8553439471644412, -1.2713248834659403, 3.3228778052913883, -2.4642027701491167]}}
		]}
	]
}
