{
	"version": "0.3.6", 
	"suite": "unknown_suite", 
	"function_id": 3, 
	"function_name": "Rastrigin", 
	"maximization": false, 
	"algorithm": {"name": "CMAES_ModCMA", "info": "test of IOHexperimenter in python"},
	"attributes": ["evaluations", "raw_y"],
	"scenarios": [
		{"dimension": 5,
		"path": "data_f3_Rastrigin/IOHprofiler_f3_DIM5.dat",
		"runs": [
			{"instance": 8, "evals": 1000000, "best": {"evals": 89542, "y": 0.018465262287562918, "x": [-1.5750977362349476, -0.8183177152787736, -0.16814450594626448, 3.117737327358993, 2.946673797502413]}}
		]}
	]
}
