{
	"version": "0.3.6", 
	"suite": "unknown_suite", 
	"function_id": 4, 
	"function_name": "BuecheRastrigin", 
	"maximization": false, 
	"algorithm": {"name": "CMAES_ModCMA", "info": "test of IOHexperimenter in python"},
	"attributes": ["evaluations", "raw_y"],
	"scenarios": [
		{"dimension": 5,
		"path": "data_f4_BuecheRastrigin/IOHprofiler_f4_DIM5.dat",
		"runs": [
			{"instance": 13, "evals": 1000000, "best": {"evals": 74152, "y": 2.991788751196086, "x": [2.29760627664228, 0.17836425827264546, 1.0959579285595964, 2.299072928240615, 2.6158516527516213]}}
		]}
	]
}
