{
	"version": "0.3.6", 
	"suite": "unknown_suite", 
	"function_id": 3, 
	"function_name": "Rastrigin", 
	"maximization": false, 
	"algorithm": {"name": "CMAES_ModCMA", "info": "test of IOHexperimenter in python"},
	"attributes": ["evaluations", "raw_y"],
	"scenarios": [
		{"dimension": 5,
		"path": "data_f3_Rastrigin/IOHprofiler_f3_DIM5.dat",
		"runs": [
			{"instance": 4, "evals": 100000, "best": {"evals": 19912, "y": 1.5521839318230857, "x": [3.0976042115786275, -2.318159362284745, 1.7937776538942405, 3.917606287921505, 3.5309872172708707]}}
		]}
	]
}
