{
	"version": "0.3.6", 
	"suite": "unknown_suite", 
	"function_id": 3, 
	"function_name": "Rastrigin", 
	"maximization": false, 
	"algorithm": {"name": "ModCMA", "info": "test of IOHexperimenter in python"},
	"attributes": ["evaluations", "raw_y"],
	"scenarios": [
		{"dimension": 5,
		"path": "data_f3_Rastrigin/IOHprofiler_f3_DIM5.dat",
		"runs": [
			{"instance": 7, "evals": 1000000, "best": {"evals": 986526, "y": 0.008381814854481272, "x": [-0.20379367184577532, -2.2351203314738415, -0.023168501183123823, -0.2584768042042701, 0.7600394736606417]}}
		]}
	]
}
