{
	"version": "0.3.6", 
	"suite": "unknown_suite", 
	"function_id": 3, 
	"function_name": "Rastrigin", 
	"maximization": false, 
	"algorithm": {"name": "ModCMA", "info": "test of IOHexperimenter in python"},
	"attributes": ["evaluations", "raw_y"],
	"scenarios": [
		{"dimension": 5,
		"path": "data_f3_Rastrigin/IOHprofiler_f3_DIM5.dat",
		"runs": [
			{"instance": 7, "evals": 1000000, "best": {"evals": 718222, "y": 0.018071829783081424, "x": [-0.196968346592903, -2.2306083722203676, -0.02642245800252342, -0.25832796337951164, 0.7594661269141767]}}
		]}
	]
}
