{
	"version": "0.3.6", 
	"suite": "unknown_suite", 
	"function_id": 3, 
	"function_name": "Rastrigin", 
	"maximization": false, 
	"algorithm": {"name": "ModCMA", "info": "test of IOHexperimenter in python"},
	"attributes": ["evaluations", "raw_y"],
	"scenarios": [
		{"dimension": 5,
		"path": "data_f3_Rastrigin/IOHprofiler_f3_DIM5.dat",
		"runs": [
			{"instance": 5, "evals": 1000000, "best": {"evals": 419128, "y": 1.0015677151678153, "x": [-3.7657944452958723, 1.4807420014882722, 3.461642740841257, -1.9635886174069164, -2.1316207218769714]}}
		]}
	]
}
