{
	"version": "0.3.6", 
	"suite": "unknown_suite", 
	"function_id": 3, 
	"function_name": "Rastrigin", 
	"maximization": false, 
	"algorithm": {"name": "CMAES_ModCMA", "info": "test of IOHexperimenter in python"},
	"attributes": ["evaluations", "raw_y"],
	"scenarios": [
		{"dimension": 5,
		"path": "data_f3_Rastrigin/IOHprofiler_f3_DIM5.dat",
		"runs": [
			{"instance": 5, "evals": 100000, "best": {"evals": 89356, "y": 1.9967146928719977, "x": [-3.7638682648814785, 1.4860604437417142, 2.866184543523778, -1.964346037428344, -2.131878535041516]}}
		]}
	]
}
