{
	"version": "0.3.6", 
	"suite": "unknown_suite", 
	"function_id": 3, 
	"function_name": "Rastrigin", 
	"maximization": false, 
	"algorithm": {"name": "SP[10]-CMA", "info": "test of IOHexperimenter in python"},
	"attributes": ["evaluations", "raw_y"],
	"scenarios": [
		{"dimension": 5,
		"path": "data_f3_Rastrigin/IOHprofiler_f3_DIM5.dat",
		"runs": [
			{"instance": 2, "evals": 150030, "best": {"evals": 40186, "y": 3.024178443177049, "x": [2.399440257622914, -1.6584007333754063, -1.8748170347165154, 3.31981789206468, -2.0992501313819973]}}
		]}
	]
}
