{
	"version": "0.3.6", 
	"suite": "unknown_suite", 
	"function_id": 3, 
	"function_name": "Rastrigin", 
	"maximization": false, 
	"algorithm": {"name": "CMAES_SB-CMA", "info": "test of IOHexperimenter in python"},
	"attributes": ["evaluations", "raw_y"],
	"scenarios": [
		{"dimension": 5,
		"path": "data_f3_Rastrigin/IOHprofiler_f3_DIM5.dat",
		"runs": [
			{"instance": 11, "evals": 500200, "best": {"evals": 240772, "y": 5.15257191314165, "x": [-2.566028599854313, -0.7058824057316901, -2.092012022570681, 0.931700338423604, 2.0252722360011584]}}
		]}
	]
}
