{
	"version": "0.3.6", 
	"suite": "unknown_suite", 
	"function_id": 3, 
	"function_name": "Rastrigin", 
	"maximization": false, 
	"algorithm": {"name": "CMAES_ModCMA", "info": "test of IOHexperimenter in python"},
	"attributes": ["evaluations", "raw_y"],
	"scenarios": [
		{"dimension": 5,
		"path": "data_f3_Rastrigin/IOHprofiler_f3_DIM5.dat",
		"runs": [
			{"instance": 1, "evals": 100000, "best": {"evals": 94895, "y": 2.02982926478727, "x": [-2.3317531459278986, 3.131597641395224, 1.6103423135485095, 0.7308426620609946, 2.2993601884612165]}}
		]}
	]
}
