{
	"version": "0.3.6", 
	"suite": "unknown_suite", 
	"function_id": 4, 
	"function_name": "BuecheRastrigin", 
	"maximization": false, 
	"algorithm": {"name": "SP-CMA", "info": "test of IOHexperimenter in python"},
	"attributes": ["evaluations", "raw_y"],
	"scenarios": [
		{"dimension": 5,
		"path": "data_f4_BuecheRastrigin/IOHprofiler_f4_DIM5.dat",
		"runs": [
			{"instance": 10, "evals": 500200, "best": {"evals": 43719, "y": 2.414280941476402, "x": [2.2584441896478227, -1.4543203492452306, 2.6912262262553543, -0.809509090133311, 2.5470019320741644]}}
		]}
	]
}
