{
	"version": "0.3.6", 
	"suite": "unknown_suite", 
	"function_id": 3, 
	"function_name": "Rastrigin", 
	"maximization": false, 
	"algorithm": {"name": "CMAES_ModCMA", "info": "test of IOHexperimenter in python"},
	"attributes": ["evaluations", "raw_y"],
	"scenarios": [
		{"dimension": 5,
		"path": "data_f3_Rastrigin/IOHprofiler_f3_DIM5.dat",
		"runs": [
			{"instance": 4, "evals": 1000000, "best": {"evals": 471361, "y": 0.9962860213662246, "x": [3.11974239179351, -1.4633375575769498, 1.7843800613259015, 3.909932672835111, 3.1528757045188103]}}
		]}
	]
}
