{
	"version": "0.3.6", 
	"suite": "unknown_suite", 
	"function_id": 4, 
	"function_name": "BuecheRastrigin", 
	"maximization": false, 
	"algorithm": {"name": "SP[10]-CMA", "info": "test of IOHexperimenter in python"},
	"attributes": ["evaluations", "raw_y"],
	"scenarios": [
		{"dimension": 5,
		"path": "data_f4_BuecheRastrigin/IOHprofiler_f4_DIM5.dat",
		"runs": [
			{"instance": 1, "evals": 150030, "best": {"evals": 25132, "y": 6.978514098131385, "x": [1.3457836425071266, 3.9186782679806305, 1.613897117018664, 0.32182770625814505, 2.297831248292015]}}
		]}
	]
}
