{
	"version": "0.3.6", 
	"suite": "unknown_suite", 
	"function_id": 3, 
	"function_name": "Rastrigin", 
	"maximization": false, 
	"algorithm": {"name": "SP-CMA", "info": "test of IOHexperimenter in python"},
	"attributes": ["evaluations", "raw_y"],
	"scenarios": [
		{"dimension": 5,
		"path": "data_f3_Rastrigin/IOHprofiler_f3_DIM5.dat",
		"runs": [
			{"instance": 14, "evals": 500200, "best": {"evals": 316825, "y": 1.6671115461640835, "x": [3.1969254086546957, 2.791093873095207, 1.152341531127905, -3.1076100070011403, -1.26077442497476]}}
		]}
	]
}
