{
	"version": "0.3.6", 
	"suite": "unknown_suite", 
	"function_id": 4, 
	"function_name": "BuecheRastrigin", 
	"maximization": false, 
	"algorithm": {"name": "SP-CMA", "info": "test of IOHexperimenter in python"},
	"attributes": ["evaluations", "raw_y"],
	"scenarios": [
		{"dimension": 5,
		"path": "data_f4_BuecheRastrigin/IOHprofiler_f4_DIM5.dat",
		"runs": [
			{"instance": 1, "evals": 500200, "best": {"evals": 358213, "y": 2.9856469807520627, "x": [1.344486481594046, 3.1209553969864237, 1.6181203852463248, 0.7283888711136917, 2.2990504143021884]}}
		]}
	]
}
